brand,year,selling_price_lakh,km_driven,fuel,seller_type,transmission,owner,engine_cc,power_bhp
Hyundai,2017,6.5,40000,Petrol,Individual,Manual,1,1197,81.8
Maruti,2012,3.4,110000,Diesel,Individual,Manual,1,1248,73.9
Tata,2017,8.5,162000,Diesel,Individual,Manual,1,2179,147.9
Mahindra,2014,6.3,95000,Diesel,Individual,Manual,2,2179,118.3
Hyundai,2020,5.24,32000,Petrol,Individual,Manual,1,1197,81.9
Maruti,2019,5.5,29000,Petrol,Individual,Manual,1,1197,83.0
Renault,2016,2.55,30000,Petrol,Individual,Manual,3,799,53.3
Hyundai,2019,11.8,38000,Petrol,Individual,Automatic,1,1591,121.0
Maruti,2011,2.0,100000,Petrol,Individual,Manual,2,1197,85.8
Hyundai,2012,3.6,90000,Diesel,Individual,Manual,2,1396,88.8
Maruti,2009,1.85,77000,Petrol,Dealer,Manual,2,998,67.0
Honda,2017,6.5,47000,Diesel,Individual,Manual,2,1498,98.6
Toyota,2018,29.4,100000,Diesel,Dealer,Automatic,1,2755,174.5
Maruti,2016,6.4,70000,Diesel,Individual,Manual,1,1248,88.5
Datsun,2015,3.5,50000,Petrol,Individual,Manual,1,1198,67.0
Maruti,2018,2.2,10000,Petrol,Individual,Manual,1,796,34.2
Tata,2009,1.35,28900,Petrol,Individual,Manual,2,1172,65.0
Hyundai,2021,17.5,17000,Diesel,Individual,Manual,1,1582,126.0
Mahindra,2006,2.5,120000,Diesel,Individual,Manual,3,2179,120.0
Hyundai,2014,3.8,50000,Petrol,Individual,Manual,2,1197,82.0
Volvo,2017,100.0,30000,Petrol,Individual,Automatic,1,1969,400.0
Maruti,2011,2.8,210000,Diesel,Individual,Manual,1,1248,74.0
Honda,2017,6.0,70000,Petrol,Individual,Manual,1,1497,117.3
Maruti,2007,1.6,120000,Petrol,Individual,Manual,2,1586,104.7
Hyundai,2005,0.8,50000,Petrol,Individual,Manual,3,1495,94.0
Maruti,2012,2.3,52000,Petrol,Individual,Manual,1,998,67.0
Bmw,2021,108.0,20000,Petrol,Individual,Automatic,1,2998,335.0
Chevrolet,2016,4.9,80000,Diesel,Individual,Manual,1,1248,73.7
Mahindra,2015,8.5,140000,Diesel,Individual,Manual,1,2179,140.0
Hyundai,2017,9.5,20000,Petrol,Individual,Manual,1,1591,121.3
Chevrolet,2011,4.15,78432,Diesel,Individual,Manual,1,1991,123.7
Honda,2017,8.2,12000,Petrol,Individual,Manual,1,1199,88.7
Hyundai,2015,5.9,70000,Petrol,Individual,Manual,3,1197,81.9
Mercedes,2017,45.5,34000,Diesel,Individual,Automatic,1,2143,201.0
Tata,2014,1.6,90000,Diesel,Individual,Manual,1,1396,69.0
Maruti,2014,5.25,102000,Petrol,Individual,Manual,2,1197,85.0
Maruti,2019,5.7,19000,Petrol,Individual,Automatic,2,1197,81.8
Hyundai,2019,4.65,28000,CNG,Individual,Manual,1,1086,58.0
Maruti,2017,4.4,35000,Petrol,Individual,Manual,1,998,67.0
Chevrolet,2015,2.0,40000,Diesel,Individual,Manual,1,936,56.3
Mahindra,2021,9.65,27000,Diesel,Individual,Manual,1,1497,115.0
Maruti,2016,6.6,34000,Petrol,Individual,Manual,2,1373,91.1
Tata,2015,2.3,120000,Diesel,Individual,Manual,2,1405,70.0
Ford,2010,1.8,110000,Diesel,Individual,Manual,2,1399,68.0
Chevrolet,2015,4.5,155000,Diesel,Individual,Automatic,1,1998,163.7
Tata,2017,3.28,68000,Petrol,Individual,Manual,2,1199,84.0
Mercedes,2015,17.9,45000,Diesel,Individual,Automatic,1,2143,134.0
Skoda,2017,16.5,52458,Petrol,Individual,Automatic,1,1798,177.0
Maruti,2014,3.6,70000,Diesel,Individual,Manual,1,1248,74.0
Hyundai,2017,3.0,8000,Petrol,Individual,Manual,1,814,55.2
Mitsubishi,2018,19.95,122000,Diesel,Individual,Automatic,1,2477,176.0
Maruti,2016,5.0,26000,Petrol,Individual,Manual,1,1197,83.0
Maruti,2019,6.85,19000,Petrol,Individual,Automatic,1,1197,83.1
Toyota,2008,1.5,60000,Petrol,Individual,Manual,2,1794,125.0
Maruti,2010,3.0,135000,Diesel,Individual,Manual,2,1248,75.0
Maruti,2009,1.25,70000,Petrol,Individual,Manual,2,796,46.3
Nissan,2014,4.72,90000,Diesel,Individual,Manual,1,1461,83.8
Hyundai,2019,12.75,44000,Petrol,Individual,Manual,1,1591,122.0
Hyundai,2014,5.0,70000,Petrol,Individual,Manual,1,1591,121.3
Hyundai,2020,10.9,26200,Petrol,Individual,Automatic,1,998,118.0
Ford,2014,3.2,120000,Diesel,Individual,Manual,3,1399,68.0
Maruti,2003,0.42,62000,Petrol,Individual,Manual,1,796,37.0
Hyundai,2019,5.0,60000,Petrol,Individual,Manual,1,1197,81.9
Hyundai,2017,5.91,20281,Petrol,Individual,Manual,1,1197,82.0
Maruti,2012,2.6,54000,Petrol,Individual,Manual,1,998,67.0
Volkswagen,2011,2.5,140000,Petrol,Individual,Automatic,2,1598,103.6
Tata,2013,3.75,97000,Diesel,Individual,Manual,1,2179,138.0
Volkswagen,2013,2.5,120000,Diesel,Individual,Manual,3,1199,73.9
Maruti,2011,3.85,69000,Petrol,Individual,Manual,1,1197,85.0
Mahindra,2017,8.8,46000,Diesel,Individual,Manual,1,2179,120.0
Volvo,2016,19.5,48000,Diesel,Dealer,Automatic,1,1984,181.0
Toyota,2018,15.76,70000,Diesel,Individual,Manual,1,2393,147.8
Hyundai,2019,5.5,3000,Petrol,Individual,Manual,1,1197,81.9
Renault,2017,5.0,80000,Diesel,Individual,Manual,2,1461,63.1
Tata,2015,4.5,40000,Petrol,Individual,Manual,1,1193,88.7
Maruti,2006,1.5,100000,Petrol,Individual,Manual,2,796,46.3
Hyundai,2015,6.0,40000,Diesel,Individual,Manual,1,1396,88.7
Maruti,2012,2.25,57000,CNG,Individual,Manual,1,998,59.0
Maruti,2018,3.9,66794,Petrol,Individual,Manual,1,998,67.0
Volkswagen,2013,3.6,80000,Diesel,Individual,Manual,1,1199,73.9
Honda,2006,2.2,100000,Petrol,Individual,Manual,2,1497,78.0
Bmw,2016,26.0,39000,Diesel,Individual,Automatic,1,1995,190.0
Maruti,2007,0.8,63000,Petrol,Individual,Automatic,3,1061,67.0
Audi,2013,18.5,44087,Diesel,Individual,Automatic,1,1968,174.0
Jaguar,2018,27.0,45545,Diesel,Individual,Automatic,2,1999,177.0
Hyundai,2019,11.75,36313,Petrol,Individual,Manual,1,1591,122.0
Tata,2018,8.6,82200,Diesel,Individual,Manual,1,1497,108.0
Mahindra,2012,3.0,210000,Diesel,Individual,Manual,1,1493,100.0
Hyundai,2011,1.5,40000,Petrol,Individual,Manual,4,1086,62.0
Maruti,2013,6.0,60000,Diesel,Individual,Manual,1,1248,88.8
Toyota,2009,5.5,250000,Diesel,Individual,Manual,1,2494,102.0
Hyundai,2015,6.5,40000,Petrol,Individual,Manual,1,1591,121.3
Chevrolet,2011,1.9,20000,Petrol,Individual,Manual,2,995,62.0
Hyundai,2016,5.25,60000,Petrol,Individual,Automatic,1,1197,82.0
Hyundai,2011,2.0,91000,Petrol,Individual,Manual,2,1197,78.9
Maruti,2017,7.1,50000,Diesel,Individual,Manual,1,1248,88.5
Hyundai,2009,1.35,80000,Petrol,Individual,Manual,2,1086,62.1
Mahindra,2018,13.5,40000,Diesel,Individual,Manual,1,2179,138.0
Honda,2016,7.3,51834,Petrol,Individual,Manual,2,1497,117.0
Hyundai,2014,4.4,62200,Petrol,Dealer,Manual,1,1197,80.0
Toyota,2010,8.0,125000,Diesel,Individual,Manual,2,2982,171.0
Audi,2016,16.5,139000,Diesel,Individual,Automatic,2,1968,174.0
Toyota,2011,6.5,89580,Diesel,Dealer,Manual,2,2494,102.0
Hyundai,2016,8.91,47000,Petrol,Individual,Manual,1,1591,122.0
Honda,2015,5.5,44000,Petrol,Individual,Manual,1,1497,117.0
Honda,2013,5.0,32000,Petrol,Individual,Manual,1,1497,116.3
Maruti,2022,6.25,7000,Petrol,Individual,Manual,1,1196,72.0
Maruti,2018,3.9,25000,Petrol,Individual,Manual,2,998,67.0
Mahindra,2017,7.0,60000,Diesel,Individual,Manual,1,1493,100.0
Honda,2006,1.5,140000,Petrol,Individual,Manual,3,1497,78.0
Mahindra,2010,2.5,60000,Diesel,Individual,Manual,2,2498,112.0
Ford,2015,4.65,89000,Diesel,Individual,Manual,2,1498,99.0
Toyota,2015,18.88,120000,Diesel,Individual,Manual,2,2982,168.5
Hyundai,2015,4.1,135000,Diesel,Individual,Manual,2,1120,71.0
Maruti,2013,3.8,76000,Diesel,Individual,Manual,2,1248,74.0
Hyundai,2015,5.25,50000,Petrol,Individual,Manual,1,1197,81.9
Hyundai,2017,6.8,80000,Diesel,Individual,Manual,1,1396,88.7
Tata,2019,5.85,12000,Petrol,Individual,Automatic,1,1199,84.0
Maruti,2014,3.95,120000,Diesel,Individual,Manual,1,1248,74.0
Toyota,2014,7.5,126000,Diesel,Individual,Manual,1,2494,100.0
Mahindra,2017,4.5,120000,Diesel,Individual,Manual,1,1198,77.0
Hyundai,2018,12.2,11000,Petrol,Individual,Manual,1,1591,121.3
Mahindra,2016,6.0,70000,Diesel,Individual,Manual,1,2523,63.0
Kia,2019,15.75,55000,Diesel,Individual,Manual,1,1493,113.0
Ford,2015,5.5,206000,Diesel,Dealer,Manual,1,1498,98.6
Maruti,2017,8.8,25000,Diesel,Individual,Manual,1,1248,88.5
Maruti,2014,4.25,80000,Diesel,Individual,Manual,2,1248,73.9
Maruti,2014,4.2,80000,Diesel,Individual,Manual,1,1248,74.0
Mahindra,2014,5.5,103000,Diesel,Individual,Manual,1,2523,62.1
Maruti,2018,7.25,42000,Diesel,Individual,Manual,1,1248,89.0
Datsun,2018,5.3,65000,Petrol,Individual,Manual,1,1198,67.0
Honda,2006,1.5,120000,Petrol,Individual,Manual,2,1497,100.0
Tata,2018,9.5,14000,Diesel,Individual,Manual,1,1497,108.5
Volkswagen,2010,7.0,114000,Petrol,Individual,Manual,1,1798,160.0
Maruti,2014,4.0,64000,Diesel,Individual,Manual,1,1248,74.0
Maruti,2017,4.25,40000,Petrol,Individual,Manual,2,998,67.0
Maruti,2016,8.65,67000,Diesel,Individual,Manual,1,1248,89.0
Maruti,2016,4.75,55353,Diesel,Individual,Manual,2,1248,74.0
Maruti,2014,2.2,100000,Petrol,Individual,Manual,1,998,67.0
Maruti,2018,5.25,33000,Petrol,Dealer,Manual,1,1197,81.8
Honda,2018,9.49,10200,Petrol,Individual,Manual,1,1497,117.6
Hyundai,2017,10.74,50050,Petrol,Individual,Automatic,1,1591,122.0
Mitsubishi,2008,1.6,100000,Diesel,Individual,Manual,1,1998,68.0
Mahindra,2014,5.5,80000,Diesel,Individual,Manual,2,2498,105.0
Maruti,2010,2.4,60000,Petrol,Individual,Manual,2,1298,85.8
Ford,2015,4.15,100581,Diesel,Dealer,Manual,1,1498,99.0
Skoda,2019,9.5,32809,Diesel,Individual,Manual,1,1598,105.0
Toyota,2017,27.49,120000,Diesel,Individual,Automatic,1,2755,174.0
Mercedes,2008,7.25,80000,Diesel,Individual,Automatic,2,2143,170.0
Maruti,2016,6.75,45000,Diesel,Individual,Manual,1,1248,89.0
Maruti,2017,8.0,55000,Diesel,Individual,Manual,1,1248,88.5
Maruti,2015,4.25,75000,Petrol,Dealer,Manual,1,1197,81.8
Nissan,2016,6.5,76584,Diesel,Individual,Manual,1,1461,108.0
Datsun,2015,2.3,60000,Petrol,Individual,Manual,2,1198,67.0
Maruti,2011,2.2,40000,Petrol,Individual,Manual,1,998,67.1
Hyundai,2012,1.85,50000,Petrol,Individual,Manual,2,814,55.2
Porsche,2019,93.0,9000,Petrol,Dealer,Automatic,1,3436,325.0
Honda,2011,4.5,80000,Petrol,Individual,Manual,3,1497,118.0
Maruti,2014,2.45,79000,Petrol,Individual,Manual,2,1197,85.0
Toyota,2012,5.2,162000,Diesel,Individual,Manual,4,2494,102.0
Hyundai,2020,7.4,39000,CNG,Individual,Manual,1,1197,68.0
Hyundai,2013,3.25,15780,Petrol,Individual,Manual,1,1197,79.0
Hyundai,2019,5.1,5000,Petrol,Individual,Manual,1,1086,68.0
Ford,2010,1.6,90000,Petrol,Individual,Manual,2,1196,70.0
Renault,2019,4.9,32000,Petrol,Individual,Automatic,1,999,67.0
Datsun,2018,2.5,10000,Petrol,Individual,Manual,1,799,53.6
Mercedes,2019,59.5,10000,Diesel,Individual,Automatic,1,1950,192.0
Honda,2015,4.25,49800,Diesel,Dealer,Manual,1,1498,98.6
Renault,2017,3.75,20000,Petrol,Dealer,Automatic,1,999,67.0
Toyota,2015,10.3,190000,Diesel,Individual,Manual,1,2494,100.6
Maruti,2018,8.99,13066,Petrol,Individual,Manual,1,1373,91.0
Tata,2014,0.95,50000,Petrol,Individual,Manual,2,624,37.5
Hyundai,2008,1.6,100000,Petrol,Individual,Manual,4,1599,103.2
Maruti,2015,6.1,33000,Petrol,Individual,Manual,1,1373,91.1
Mahindra,2010,4.5,78000,Diesel,Individual,Manual,1,2523,63.0
Audi,2013,16.9,50000,Diesel,Dealer,Automatic,1,1968,187.7
Honda,2012,3.75,80350,Petrol,Individual,Manual,1,1497,116.0
Tata,2018,7.4,15000,Petrol,Individual,Manual,1,1198,108.5
Hyundai,2010,2.0,80000,LPG,Individual,Manual,2,1086,62.1
Maruti,2019,4.7,9000,Petrol,Dealer,Automatic,1,998,67.0
Renault,2014,4.25,72000,Diesel,Individual,Manual,2,1461,108.0
Maruti,2018,7.55,39000,Diesel,Dealer,Manual,1,1248,74.0
Hyundai,2014,4.25,60000,Diesel,Individual,Manual,1,1120,70.0
Toyota,2016,5.0,114000,Diesel,Individual,Manual,1,1364,67.0
Renault,2018,3.19,30000,Petrol,Individual,Automatic,1,999,67.0
Chevrolet,2010,1.3,50000,Petrol,Individual,Manual,1,995,62.0
Mahindra,2007,2.4,80000,Diesel,Individual,Manual,2,2523,63.0
Maruti,2017,7.6,50000,Diesel,Individual,Manual,1,1248,88.5
Mahindra,2019,7.1,30000,Diesel,Individual,Manual,1,2523,62.1
Maruti,2018,7.35,42000,Petrol,Individual,Automatic,1,1197,82.0
Mahindra,2013,4.0,90000,Diesel,Individual,Manual,2,2523,62.1
Renault,2017,3.0,30000,Petrol,Individual,Manual,1,999,67.0
Ford,2019,8.85,10000,Petrol,Individual,Manual,2,1497,121.3
Renault,2016,3.3,20000,Petrol,Individual,Manual,1,799,53.3
Tata,2015,3.4,110000,Petrol,Individual,Manual,1,1193,88.7
Toyota,2015,19.0,130000,Diesel,Individual,Automatic,1,2982,168.5
Mahindra,2005,2.5,80000,Diesel,Individual,Manual,1,2523,63.0
Skoda,2011,2.0,120000,Petrol,Individual,Manual,2,1198,73.9
Hyundai,2015,3.8,50000,Petrol,Individual,Automatic,1,1197,82.0
Tata,2008,2.5,100000,Petrol,Individual,Manual,1,1193,65.0
Maruti,2015,7.5,14000,Diesel,Individual,Manual,1,1248,88.8
Renault,2013,3.6,81000,Diesel,Individual,Manual,2,1461,108.4
Mahindra,2014,5.15,60000,Diesel,Individual,Manual,1,2523,62.1
Tata,2010,1.8,80000,Diesel,Individual,Manual,1,1248,88.8
Chevrolet,2011,1.6,49563,Petrol,Dealer,Manual,1,995,62.1
Maruti,2019,4.8,25000,Petrol,Individual,Manual,1,1197,81.8
Volkswagen,2011,3.7,100000,Diesel,Individual,Manual,2,1598,103.6
Toyota,2012,11.0,151000,Diesel,Individual,Manual,1,2494,102.0
Maruti,2016,2.9,15000,Petrol,Individual,Manual,1,796,47.3
Maruti,2010,2.1,200000,Petrol,Individual,Manual,1,1197,85.8
Renault,2016,3.0,25000,Petrol,Individual,Manual,1,799,53.3
Maruti,2013,2.6,120000,Petrol,Individual,Manual,2,1196,73.0
Kia,2020,10.55,15000,Petrol,Individual,Automatic,1,998,118.0
Toyota,2015,10.5,70000,Diesel,Individual,Manual,1,2494,100.6
Chevrolet,2015,2.4,55000,Diesel,Individual,Manual,1,936,56.3
Hyundai,2010,3.2,70000,Diesel,Individual,Manual,2,1493,110.0
Mercedes,2017,58.5,47000,Diesel,Dealer,Automatic,1,2987,282.0
Tata,2016,3.8,70000,Diesel,Individual,Manual,1,1047,69.0
Maruti,2016,4.35,10000,Petrol,Dealer,Automatic,1,998,67.0
Honda,2012,2.5,97000,Petrol,Individual,Manual,2,1198,86.8
Maruti,2017,3.25,23000,Petrol,Individual,Manual,1,796,47.3
Maruti,2016,2.7,35000,Petrol,Individual,Manual,1,796,47.3
Maruti,2016,7.9,120000,Diesel,Individual,Manual,1,1248,88.5
Toyota,2011,3.25,101347,Petrol,Individual,Manual,3,1496,90.0
Maruti,2009,1.25,120000,Petrol,Individual,Manual,4,1061,67.0
Maruti,2005,0.85,90000,Petrol,Individual,Manual,1,993,60.0
Maruti,2012,2.5,68000,Petrol,Individual,Manual,1,998,68.0
Mahindra,2016,6.5,50000,Diesel,Individual,Automatic,1,1493,100.0
Tata,2013,1.9,120000,Diesel,Individual,Manual,2,1248,74.0
Bmw,2014,22.99,58000,Diesel,Individual,Automatic,1,1995,184.0
Mahindra,2018,13.25,22053,Diesel,Individual,Manual,1,2179,120.0
Volkswagen,2019,6.35,2000,Petrol,Dealer,Manual,1,1199,74.0
Maruti,2012,3.25,80000,Diesel,Individual,Manual,2,1248,74.0
Toyota,2017,31.0,70000,Diesel,Individual,Automatic,1,2755,174.5
Mahindra,2010,3.15,120000,Diesel,Individual,Manual,2,2523,63.0
Hyundai,2014,2.2,50000,Petrol,Individual,Manual,3,814,55.2
Maruti,2014,6.0,50000,Diesel,Individual,Manual,1,1248,74.0
Hyundai,2011,2.06,100000,Petrol,Individual,Manual,1,1086,68.0
Hyundai,2013,3.15,49000,Petrol,Individual,Manual,2,1197,82.8
Tata,2012,1.8,50000,Diesel,Individual,Manual,3,1396,69.0
Hyundai,2017,8.5,35000,Diesel,Individual,Manual,1,1582,126.2
Audi,2018,22.0,25000,Diesel,Individual,Automatic,2,1968,181.0
Toyota,2016,19.0,41000,Petrol,Dealer,Automatic,1,2494,157.7
Volkswagen,2019,6.4,10000,Petrol,Dealer,Manual,1,1198,73.8
Bmw,2017,59.0,83985,Diesel,Individual,Automatic,2,2993,258.0
Mahindra,2018,15.0,40000,Diesel,Individual,Manual,1,2179,140.0
Volkswagen,2018,9.5,75000,Diesel,Individual,Automatic,1,1498,108.5
Hyundai,2012,2.55,17000,Petrol,Individual,Manual,1,1086,62.0
Hyundai,2011,4.5,96000,Diesel,Individual,Manual,4,1582,126.3
Maruti,2017,3.4,45000,Petrol,Individual,Manual,1,998,67.1
Mercedes,2021,130.0,20000,Diesel,Individual,Automatic,1,2925,326.0
Hyundai,2017,8.75,50000,Petrol,Individual,Manual,1,1591,122.0
Toyota,2010,4.25,129000,Diesel,Individual,Manual,1,2494,102.0
Honda,2012,5.4,100000,Petrol,Individual,Manual,2,1497,116.3
Tata,2016,3.5,70000,Petrol,Individual,Manual,2,1193,88.7
Toyota,2018,32.0,60000,Diesel,Individual,Automatic,1,2755,174.5
Hyundai,2014,2.75,83000,Petrol,Individual,Manual,2,814,55.0
Maruti,2015,4.15,42500,CNG,Individual,Manual,1,998,58.0
Maruti,2013,3.75,88200,Diesel,Individual,Manual,1,1248,73.9
Toyota,2011,3.15,38091,Petrol,Individual,Manual,1,1197,80.0
Hyundai,2019,6.25,4337,Petrol,Dealer,Automatic,1,1197,82.0
Ford,2020,4.0,5000,Petrol,Individual,Manual,2,1194,94.7
Maruti,2015,3.5,29000,Petrol,Individual,Manual,1,998,67.0
Hyundai,2007,0.95,100000,Petrol,Individual,Manual,2,1086,63.0
Hyundai,2012,3.0,60000,LPG,Individual,Manual,1,1086,68.0
Hyundai,2013,5.45,63000,Petrol,Individual,Automatic,1,1797,147.0
Honda,2010,3.0,74000,Petrol,Individual,Manual,2,2354,177.6
Hyundai,2017,9.57,60000,Diesel,Individual,Manual,1,1396,88.7
Maruti,2018,4.0,17500,Petrol,Individual,Manual,1,998,67.0
Honda,2010,3.5,110000,Petrol,Individual,Manual,3,1497,118.0
Ford,2017,7.0,35000,Diesel,Individual,Manual,1,1498,99.0
Volkswagen,2018,6.5,82000,Diesel,Individual,Automatic,1,1498,108.6
Tata,2018,5.55,20000,Petrol,Individual,Automatic,1,1199,84.0
Hyundai,2018,11.0,60000,Petrol,Individual,Manual,1,1591,121.3
Hyundai,2017,4.35,27000,Diesel,Individual,Manual,2,1186,74.0
Maruti,2016,6.75,49148,Petrol,Individual,Automatic,2,1373,94.0
Tata,2009,1.8,120000,Diesel,Individual,Manual,2,1248,90.0
Hyundai,2013,2.0,40000,Petrol,Individual,Manual,1,814,55.2
Skoda,2016,6.4,124000,Diesel,Individual,Manual,1,1598,105.0
Hyundai,2008,1.1,120000,Petrol,Individual,Manual,2,1341,82.9
Volkswagen,2019,5.0,20000,Petrol,Individual,Manual,1,999,75.0
Maruti,2017,6.2,61000,Diesel,Individual,Manual,1,1248,74.0
Maruti,2011,2.75,65000,Diesel,Individual,Manual,1,1248,75.0
Maruti,2015,6.85,30000,Petrol,Individual,Automatic,1,1373,91.1
Maruti,2019,5.75,31000,CNG,Individual,Manual,1,998,58.0
Maruti,2014,2.06,120000,Petrol,Individual,Manual,2,796,47.3
Tata,2019,6.7,2000,Diesel,Individual,Manual,1,1047,69.0
Hyundai,2020,9.9,24013,Petrol,Individual,Manual,1,998,118.0
Chevrolet,2016,9.0,100000,Diesel,Individual,Manual,1,2499,72.4
Mercedes,2016,28.5,7000,Diesel,Individual,Automatic,1,2143,168.0
Tata,2015,5.2,120000,Diesel,Individual,Manual,1,2179,138.1
Maruti,2011,5.0,60000,Diesel,Individual,Manual,2,1248,73.9
Mahindra,2015,8.85,170000,Diesel,Individual,Manual,1,2179,120.0
Mahindra,2014,8.1,100000,Diesel,Individual,Manual,1,2179,140.0
Renault,2012,4.0,100000,Diesel,Individual,Manual,2,1461,83.8
Honda,2016,6.25,54000,Petrol,Dealer,Manual,1,1199,88.7
Maruti,2017,3.7,30000,Petrol,Individual,Manual,1,998,67.0
Hyundai,2019,5.1,40000,Petrol,Individual,Manual,1,1197,81.9
Maruti,2019,7.25,11874,Petrol,Individual,Automatic,1,1197,82.0
Renault,2016,3.1,27500,Petrol,Individual,Manual,1,799,53.3
Maruti,2007,1.2,120000,Petrol,Individual,Manual,2,796,46.3
Maruti,2016,7.11,120000,Diesel,Individual,Manual,1,1248,88.5
Toyota,2006,3.0,140000,Diesel,Individual,Manual,2,2494,102.0
Volkswagen,2014,4.11,90000,Diesel,Individual,Automatic,2,1498,103.2
Maruti,2014,5.1,110000,Diesel,Individual,Manual,1,1248,74.0
Isuzu,2017,17.91,96095,Diesel,Individual,Automatic,1,2999,174.0
Mercedes,2018,24.5,61000,Diesel,Individual,Automatic,2,2143,134.0
Mahindra,2014,6.8,120000,Diesel,Individual,Manual,1,2523,75.0
Hyundai,2017,6.5,80000,Petrol,Individual,Manual,2,1197,81.9
Toyota,2019,28.11,71500,Diesel,Individual,Automatic,2,2755,174.0
Mahindra,2011,2.3,170000,Diesel,Individual,Manual,2,1461,64.1
Hyundai,2019,11.25,3500,Petrol,Dealer,Automatic,1,998,118.4
Hyundai,2020,15.98,19700,Diesel,Individual,Manual,1,1493,113.0
Maruti,2014,1.8,48000,Petrol,Individual,Manual,3,796,47.0
Maruti,2002,0.65,80000,Petrol,Individual,Manual,2,993,60.0
Ford,2013,4.75,48000,Diesel,Dealer,Manual,2,1498,99.0
Maruti,2010,2.25,120000,Diesel,Individual,Manual,2,1248,73.9
Mahindra,2015,9.2,140000,Diesel,Individual,Manual,1,2179,140.0
Mahindra,2016,4.03,30000,Diesel,Individual,Manual,2,1493,100.0
Maruti,2005,1.1,110000,Petrol,Individual,Manual,1,998,67.1
Maruti,2017,8.75,30000,Diesel,Dealer,Automatic,1,1248,74.0
Hyundai,2018,4.9,66000,Petrol,Individual,Manual,1,1197,81.0
Maruti,2014,6.5,68000,Diesel,Individual,Manual,1,1248,74.0
Maruti,2017,5.45,61518,Petrol,Individual,Manual,1,1197,83.0
Renault,2018,4.0,60000,Petrol,Individual,Manual,1,999,67.0
Bmw,2014,14.0,35000,Diesel,Individual,Automatic,1,1995,184.0
Hyundai,2015,3.75,87500,Petrol,Individual,Manual,1,1197,81.0
Maruti,2017,5.61,68000,Petrol,Individual,Manual,1,1197,83.0
Hyundai,2018,6.55,20000,Petrol,Individual,Manual,1,1197,81.8
Mercedes,2017,42.0,77000,Diesel,Individual,Automatic,1,2143,168.0
Maruti,2013,3.5,185000,Diesel,Individual,Manual,1,1248,74.0
Mahindra,2013,5.5,60000,Diesel,Individual,Manual,1,2523,62.1
Mahindra,2016,6.0,139000,Diesel,Individual,Manual,1,1493,100.0
Hyundai,2012,5.5,330000,Petrol,Individual,Manual,2,2359,198.2
Mahindra,2012,2.55,70000,Diesel,Individual,Manual,2,1461,65.0
Mahindra,2017,5.0,50000,Diesel,Individual,Manual,1,1198,77.0
Maruti,2011,2.0,50600,Petrol,Individual,Manual,1,796,46.3
Mahindra,2009,2.0,176000,Diesel,Individual,Manual,2,1461,66.0
Honda,2013,5.8,50000,Petrol,Dealer,Automatic,1,2354,177.6
Hyundai,2012,3.8,50000,Diesel,Individual,Manual,2,1396,88.8
Hyundai,2011,2.5,35000,Petrol,Individual,Manual,1,1495,93.7
Maruti,2019,7.57,25000,Diesel,Individual,Manual,1,1248,74.0
Hyundai,2022,19.9,5800,Diesel,Individual,Automatic,1,1493,113.0
Mahindra,2012,3.2,80000,Diesel,Individual,Manual,2,2523,63.0
Mahindra,2017,10.9,144933,Diesel,Individual,Manual,1,2179,138.0
Datsun,2017,2.78,20000,Petrol,Individual,Manual,1,999,67.0
Bmw,2020,36.75,37180,Diesel,Individual,Automatic,1,1995,184.0
Maruti,2018,10.0,70000,Diesel,Individual,Manual,1,1248,88.5
Maruti,2015,5.5,50000,Diesel,Individual,Manual,1,1248,74.0
Nissan,2015,8.0,35000,Diesel,Individual,Manual,1,1461,83.8
Hyundai,2019,4.58,30000,Petrol,Individual,Manual,1,1086,68.0
Mahindra,2015,11.47,56975,Diesel,Individual,Manual,1,2179,140.0
Honda,2017,11.0,20000,Petrol,Individual,Automatic,1,1497,117.6
Renault,2018,3.8,5000,Petrol,Individual,Manual,1,999,67.0
Hyundai,2014,4.0,90000,Petrol,Individual,Manual,2,1197,82.0
Jeep,2018,14.95,28000,Petrol,Individual,Automatic,1,1368,160.0
Honda,2015,3.9,50000,Petrol,Individual,Manual,1,1198,86.7
Honda,2018,8.5,52890,Petrol,Individual,Manual,1,1497,117.0
Maruti,2016,5.69,11471,Petrol,Individual,Automatic,1,998,67.0
Skoda,2012,1.9,110000,Diesel,Individual,Manual,1,1199,75.0
Hyundai,2019,6.93,4000,Petrol,Individual,Manual,1,1197,81.9
Ford,2016,5.99,39000,Petrol,Dealer,Manual,1,1496,120.7
Audi,2015,19.75,61000,Diesel,Individual,Automatic,2,1968,190.0
Mercedes,2017,79.0,11850,Diesel,Individual,Automatic,1,2925,282.0
Renault,2012,3.75,100000,Diesel,Individual,Manual,2,1461,108.4
Toyota,2014,9.7,110000,Diesel,Individual,Manual,2,2494,100.6
Volkswagen,2018,8.25,62000,Petrol,Dealer,Automatic,1,1197,103.0
Ford,2013,2.5,25000,Diesel,Individual,Manual,1,1399,68.1
Hyundai,2014,4.0,110000,Diesel,Individual,Manual,1,1120,70.0
Honda,2019,8.4,34000,Petrol,Individual,Manual,1,1497,117.0
Maruti,2015,4.11,23999,Petrol,Dealer,Automatic,1,998,67.0
Hyundai,2008,1.3,120000,Petrol,Individual,Manual,2,1086,68.0
Honda,2013,4.8,42462,Petrol,Dealer,Manual,1,1497,116.3
Ford,2011,9.5,68000,Diesel,Individual,Manual,1,2499,141.0
Mahindra,2013,5.5,90000,Diesel,Individual,Manual,1,2523,62.1
Maruti,2006,1.25,59000,Petrol,Individual,Manual,2,998,67.1
Maruti,2017,7.75,80000,Diesel,Individual,Manual,1,1248,88.5
Toyota,2015,12.5,90000,Diesel,Individual,Manual,1,2494,100.6
Hyundai,2016,5.75,53000,Diesel,Dealer,Manual,1,1396,88.7
Hyundai,2015,2.8,55000,Petrol,Individual,Manual,1,1197,78.9
Mahindra,2017,4.3,20000,Petrol,Individual,Manual,2,1198,82.0
Ford,2012,2.25,87237,Diesel,Dealer,Manual,2,1399,68.0
Toyota,2012,7.25,159000,Diesel,Individual,Manual,2,2494,102.0
Hyundai,2005,2.0,200000,Diesel,Individual,Manual,2,1493,82.0
Maruti,2019,4.3,57993,Petrol,Individual,Automatic,1,998,67.0
Maruti,2012,2.6,99000,Petrol,Individual,Manual,2,1586,103.3
Nissan,2012,3.15,57000,Petrol,Individual,Manual,1,1498,98.0
Maruti,2017,6.8,40000,Diesel,Individual,Manual,1,1248,74.0
Audi,2014,16.0,44000,Diesel,Individual,Automatic,2,1968,147.5
Hyundai,2019,14.0,13000,Petrol,Individual,Automatic,1,1591,122.0
Ford,2017,5.5,15000,Diesel,Individual,Manual,1,1498,99.0
Hyundai,2013,3.8,57000,Petrol,Individual,Automatic,1,1197,79.0
Ford,2009,1.4,140000,Diesel,Individual,Manual,2,1399,68.0
Hyundai,2018,7.0,42000,Petrol,Individual,Automatic,1,1368,98.6
Maruti,2017,7.25,75000,Diesel,Individual,Manual,1,1248,89.0
Maruti,1999,0.7,65000,Petrol,Individual,Manual,4,1298,85.0
Hyundai,2002,0.55,120000,Petrol,Individual,Manual,4,1495,94.0
Maruti,2013,3.5,45000,Petrol,Individual,Manual,1,998,68.0
Hyundai,2015,5.25,248000,Diesel,Individual,Manual,1,1396,88.7
Maruti,2006,0.8,90000,Petrol,Individual,Manual,2,1061,64.0
Mahindra,2012,4.3,50000,Diesel,Individual,Manual,1,2523,62.1
Hyundai,2014,2.5,25000,Petrol,Individual,Manual,1,814,55.2
Honda,2016,5.95,80000,Petrol,Individual,Automatic,1,1199,89.0
Hyundai,2009,1.2,48500,LPG,Individual,Manual,4,1086,63.0
Maruti,2015,6.5,60000,Petrol,Individual,Manual,1,1373,93.7
Bmw,2018,58.3,30000,Diesel,Individual,Automatic,1,2993,261.4
Chevrolet,2011,1.3,60000,Petrol,Individual,Manual,2,1399,92.7
Mercedes,2018,28.0,20000,Diesel,Individual,Automatic,1,2143,136.0
Audi,2013,20.0,35000,Diesel,Individual,Automatic,2,1968,174.3
Maruti,2013,3.9,100000,Diesel,Individual,Manual,1,1248,74.0
Mahindra,2015,11.0,110000,Diesel,Individual,Manual,1,2179,140.0
Volkswagen,2013,3.25,53000,Petrol,Individual,Manual,2,1198,74.0
Renault,2017,2.85,5000,Petrol,Individual,Manual,1,799,53.3
Mercedes,2017,35.0,72000,Diesel,Individual,Automatic,1,2143,168.0
Mahindra,2012,2.25,110000,Diesel,Individual,Manual,2,1461,65.0
Hyundai,2013,2.75,34000,Petrol,Individual,Manual,1,814,55.0
Nissan,2011,3.0,60000,Petrol,Individual,Manual,2,1198,75.0
Tata,2017,6.0,50000,Diesel,Individual,Manual,1,1248,74.0
Renault,2014,4.8,80000,Diesel,Individual,Manual,1,1461,83.8
Chevrolet,2016,5.0,198000,Diesel,Individual,Manual,1,1248,73.7
Honda,2018,6.28,53848,Petrol,Individual,Manual,1,1199,89.0
Tata,2011,1.1,50000,Diesel,Individual,Manual,1,1396,53.5
Mahindra,2014,5.5,126000,Diesel,Individual,Manual,1,2179,120.0
Hyundai,2014,5.45,56000,Petrol,Individual,Manual,1,1591,121.0
Maruti,2017,7.1,60000,Diesel,Individual,Manual,1,1248,88.5
Maruti,2018,7.4,38817,Diesel,Dealer,Manual,1,1248,74.0
Maruti,2009,1.8,85000,Diesel,Individual,Manual,3,1248,73.9
Renault,2019,6.5,5000,Petrol,Individual,Manual,1,999,72.0
Hyundai,2018,5.75,30000,Petrol,Individual,Manual,1,1086,68.0
Mercedes,2016,18.5,40000,Diesel,Individual,Automatic,2,2143,136.0
Tata,2009,1.6,70000,Diesel,Individual,Manual,1,1396,69.0
Mahindra,2005,1.6,300000,Diesel,Individual,Manual,3,2523,63.0
Toyota,2011,5.5,250000,Diesel,Individual,Manual,2,2494,102.0
Maruti,2009,1.95,40000,Petrol,Individual,Manual,1,796,46.3
Maruti,2013,4.15,60000,Petrol,Individual,Manual,2,1197,85.8
Toyota,2005,2.75,96000,Petrol,Individual,Manual,2,1794,125.0
Honda,2015,4.5,45000,Petrol,Individual,Automatic,1,1198,86.7
Mahindra,2013,7.5,120000,Diesel,Individual,Manual,1,2179,140.0
Ford,2017,6.04,30000,Petrol,Individual,Manual,2,1497,121.4
Tata,2018,5.4,33000,Diesel,Individual,Manual,1,1047,69.0
Hyundai,2018,10.0,10000,Petrol,Individual,Manual,1,1591,121.3
Chevrolet,2010,1.5,70000,Petrol,Individual,Manual,1,1199,79.4
Maruti,2011,1.22,110000,Petrol,Individual,Manual,4,796,46.3
Hyundai,2012,2.25,110000,Petrol,Individual,Manual,1,1086,68.0
Maruti,2015,6.5,70000,Diesel,Individual,Manual,1,1248,88.8
Toyota,2018,19.75,75000,Diesel,Individual,Automatic,1,2755,172.0
Toyota,2016,18.25,94000,Diesel,Dealer,Automatic,1,2755,171.5
Maruti,2017,8.0,60000,Diesel,Individual,Manual,1,1248,88.5
Hyundai,2016,8.75,40000,Diesel,Individual,Manual,1,1396,88.7
Maruti,2017,6.25,58000,Petrol,Individual,Automatic,1,1197,82.0
Maruti,2013,1.9,60000,Petrol,Individual,Manual,2,796,47.3
Hyundai,2012,4.6,70000,Diesel,Individual,Manual,1,1582,126.3
Mahindra,2007,2.45,110000,Diesel,Individual,Manual,3,2523,63.0
Maruti,2010,3.5,110000,Diesel,Individual,Manual,4,1248,75.0
Maruti,2015,3.65,28000,Petrol,Dealer,Manual,1,1197,81.8
Maruti,2018,7.0,13000,Petrol,Individual,Manual,1,1197,83.1
Volkswagen,2011,3.0,80000,Diesel,Individual,Manual,2,1598,103.6
Toyota,2015,4.5,25000,Diesel,Individual,Manual,1,1364,67.0
Hyundai,2008,1.85,110000,Petrol,Individual,Manual,4,1086,68.0
Hyundai,2015,4.25,60000,Diesel,Individual,Manual,1,1120,71.0
Chevrolet,2014,1.6,70000,Diesel,Individual,Manual,3,936,56.3
Kia,2019,15.5,17000,Petrol,Individual,Manual,1,1353,138.0
Honda,2013,3.0,120000,Petrol,Individual,Manual,2,1198,86.7
Maruti,2013,3.0,100000,Diesel,Individual,Manual,2,1248,73.9
Tata,2011,3.5,160000,Diesel,Individual,Manual,1,2179,138.0
Ford,2019,9.5,16034,Diesel,Dealer,Manual,1,1498,99.0
Ford,2010,2.5,48000,Petrol,Individual,Manual,1,1196,70.0
Audi,2012,18.5,70000,Diesel,Individual,Automatic,1,2967,241.4
Mahindra,2016,8.9,40000,Diesel,Individual,Manual,2,1997,140.0
Toyota,2014,5.5,250000,Diesel,Individual,Manual,1,1364,67.0
Hyundai,2012,1.5,40000,Petrol,Individual,Manual,1,814,55.2
Maruti,2011,2.65,60000,Diesel,Individual,Manual,1,1248,73.9
Ford,2009,1.55,110000,Diesel,Individual,Manual,3,1399,68.0
Mahindra,2016,7.5,100000,Diesel,Individual,Manual,1,1461,64.1
Maruti,2014,5.5,30000,Petrol,Individual,Manual,1,1197,85.8
Hyundai,2013,1.65,45000,Petrol,Individual,Manual,2,814,55.2
Maruti,2015,3.0,40000,Petrol,Individual,Manual,1,998,67.0
Kia,2020,15.75,63000,Diesel,Individual,Automatic,1,1493,113.0
Maruti,2017,4.5,10000,Petrol,Individual,Automatic,1,998,67.0
Honda,2008,1.05,110000,Petrol,Individual,Manual,2,1497,78.0
Maruti,2015,5.65,114000,Diesel,Dealer,Manual,1,1248,73.9
Audi,2015,18.5,71700,Diesel,Individual,Automatic,2,1968,174.0
Chevrolet,2010,2.85,265000,Diesel,Individual,Manual,4,2499,80.0
Hyundai,2018,8.0,25000,Petrol,Individual,Automatic,1,1197,81.9
Maruti,2016,2.7,82000,Petrol,Individual,Manual,3,1197,85.8
Maruti,2016,9.7,39000,Diesel,Individual,Manual,1,1248,89.0
Hyundai,2017,4.5,56290,Diesel,Dealer,Manual,1,1186,74.0
Hyundai,2015,4.95,42000,Petrol,Individual,Manual,1,1591,121.0
Tata,2010,2.0,110000,Diesel,Individual,Manual,1,1405,71.0
Maruti,2018,3.5,40000,Petrol,Individual,Manual,1,998,67.0
Hyundai,2018,12.1,25000,Diesel,Individual,Manual,1,1396,88.7
Tata,2011,3.5,156000,Diesel,Individual,Manual,1,2179,138.1
Ford,2013,5.0,70000,Petrol,Individual,Manual,2,1499,110.4
Honda,2004,2.75,100000,Petrol,Individual,Automatic,2,2997,218.0
Toyota,2020,6.9,55000,Petrol,Individual,Manual,1,1197,82.0
Maruti,2017,4.21,59500,Petrol,Individual,Manual,2,998,67.0
Maruti,2014,4.39,81000,Diesel,Dealer,Manual,1,1248,74.0
Honda,2018,8.35,42855,Petrol,Individual,Manual,1,1497,117.0
Maruti,2013,4.1,100000,Diesel,Individual,Manual,3,1248,73.9
Toyota,2018,16.5,25914,Petrol,Dealer,Automatic,1,1798,138.0
Hyundai,2016,8.5,25000,Petrol,Individual,Manual,1,1591,121.3
Maruti,2017,8.0,28050,Diesel,Dealer,Manual,1,1248,88.5
Renault,2015,2.9,15200,Petrol,Individual,Manual,1,799,53.3
Maruti,2004,0.5,18000,Petrol,Individual,Manual,2,796,37.0
Mahindra,2015,5.85,50000,Diesel,Individual,Manual,1,2523,62.1
Maruti,2018,9.25,23712,Diesel,Dealer,Manual,1,1248,88.5
Maruti,2017,6.0,35000,Petrol,Individual,Manual,1,1373,91.1
Mahindra,2018,7.97,60000,Diesel,Individual,Manual,1,1493,70.0
Maruti,2017,8.7,40000,Diesel,Individual,Manual,1,1248,88.5
Tata,2016,3.5,30000,Petrol,Individual,Manual,1,1199,84.0
Mercedes,2014,22.5,85000,Diesel,Individual,Automatic,2,2143,203.0
Maruti,2011,1.35,110048,Petrol,Individual,Manual,3,998,67.1
Mahindra,2014,4.3,120000,Diesel,Individual,Manual,1,2523,62.1
Tata,2017,9.2,26766,Diesel,Dealer,Manual,1,1497,108.5
Hyundai,2015,3.75,60000,LPG,Individual,Manual,1,1086,68.0
Skoda,2019,34.0,30600,Petrol,Dealer,Automatic,1,1984,227.0
Maruti,2014,4.6,145000,Diesel,Individual,Manual,2,1248,88.5
Bmw,2013,16.0,70000,Diesel,Individual,Automatic,2,1995,217.0
Maruti,2009,1.45,150000,Diesel,Individual,Manual,3,1248,73.9
Toyota,2012,7.3,250000,Diesel,Individual,Manual,1,2494,100.0
Maruti,2020,2.65,70000,Petrol,Individual,Manual,2,998,67.0
Honda,2014,6.35,79011,Petrol,Dealer,Automatic,1,1497,117.3
Maruti,2016,3.2,80000,CNG,Individual,Manual,1,1196,61.7
Hyundai,2013,3.1,70000,Petrol,Individual,Manual,1,1086,68.0
Mg,2021,17.5,33000,Petrol,Individual,Automatic,1,1451,141.0
Mercedes,2016,40.9,70000,Diesel,Dealer,Automatic,1,2987,224.0
Maruti,2016,2.45,64000,Petrol,Individual,Manual,1,998,67.0
Hyundai,2012,2.25,26000,Petrol,Individual,Manual,1,1086,68.0
Tata,2010,2.0,100000,Diesel,Individual,Manual,2,1248,90.0
Mahindra,2017,8.5,110000,Diesel,Individual,Manual,1,2523,75.0
Hyundai,2017,7.5,27000,Diesel,Individual,Manual,1,1396,88.7
Tata,2009,1.15,120000,Diesel,Individual,Manual,3,1396,69.0
Mg,2019,17.5,19000,Petrol,Dealer,Automatic,1,1451,141.0
Maruti,2015,1.8,25000,Petrol,Individual,Manual,2,796,34.2
Honda,2016,9.5,60000,Diesel,Individual,Manual,1,1498,98.6
Toyota,2009,5.61,170000,Diesel,Individual,Manual,3,2494,102.0
Ford,2015,7.75,30000,Petrol,Individual,Automatic,1,1499,110.4
Maruti,2015,2.75,16700,Petrol,Individual,Manual,1,796,47.3
Honda,2014,5.5,110000,Diesel,Individual,Manual,2,1498,98.6
Mahindra,2015,5.25,85000,Diesel,Individual,Manual,2,2498,105.0
Renault,2016,3.9,15000,Petrol,Individual,Manual,1,799,53.3
Maruti,2005,1.5,80000,Petrol,Individual,Manual,2,998,67.1
Maruti,2015,5.0,50000,Diesel,Individual,Manual,2,1248,74.0
Hyundai,2017,8.66,37800,Petrol,Individual,Manual,1,1591,121.3
Honda,2017,8.95,35000,Petrol,Individual,Manual,1,1497,117.3
Maruti,2019,9.0,20000,Diesel,Individual,Manual,1,1248,74.0
Bmw,2014,19.5,82000,Diesel,Individual,Automatic,2,1995,184.0
Toyota,2011,3.0,49200,Petrol,Individual,Manual,1,1496,80.0
Maruti,2013,3.51,42000,Diesel,Individual,Manual,1,1248,74.0
Honda,2017,10.25,68140,Petrol,Dealer,Automatic,1,1497,117.6
Maruti,2018,5.75,20000,Petrol,Individual,Manual,1,1197,83.1
Toyota,2017,6.5,120000,Diesel,Individual,Manual,2,1364,67.0
Maruti,2009,1.01,90000,Petrol,Individual,Manual,4,796,35.0
Tata,2017,8.5,100000,Diesel,Individual,Manual,1,2179,147.9
Ford,2018,9.0,40000,Diesel,Individual,Manual,1,1498,99.0
Mahindra,2011,5.9,80000,Diesel,Individual,Manual,3,2179,140.0
Hyundai,2008,2.0,60000,Petrol,Individual,Manual,2,1086,68.0
Hyundai,2010,2.45,185000,Diesel,Individual,Automatic,4,1493,110.0
Hyundai,2019,4.2,30000,Petrol,Individual,Manual,1,1086,68.0
Maruti,2011,4.0,72000,Diesel,Individual,Manual,1,1248,74.0
Toyota,2015,13.25,114368,Diesel,Dealer,Manual,2,2494,100.6
Maruti,2018,8.75,83844,Diesel,Dealer,Manual,1,1248,88.5
Toyota,2011,11.5,181000,Diesel,Individual,Manual,2,2982,171.0
Mahindra,2014,5.25,200000,Diesel,Individual,Manual,1,2523,62.1
Ford,2017,6.7,70000,Diesel,Individual,Manual,1,1498,99.0
Ford,2011,2.15,120000,Diesel,Individual,Manual,1,1399,68.0
Hyundai,2018,9.7,68000,Diesel,Individual,Manual,1,1582,126.0
Hyundai,2012,3.5,30000,LPG,Individual,Manual,1,1086,68.0
Tata,2014,3.0,50700,Diesel,Individual,Manual,1,1405,69.0
Fiat,2013,4.0,90000,Diesel,Individual,Manual,1,1248,92.0
Audi,2014,22.0,60000,Diesel,Individual,Automatic,1,1968,174.3
Renault,2018,3.5,25000,Petrol,Individual,Manual,1,999,67.0
Hyundai,2006,1.7,90000,Petrol,Individual,Manual,3,1599,103.2
Honda,2012,4.75,40000,Petrol,Individual,Automatic,2,1497,116.0
Land Rover,2017,38.0,50000,Diesel,Individual,Automatic,1,1999,177.0
Hyundai,2015,2.1,40000,Petrol,Individual,Manual,1,814,55.2
Tata,2018,4.6,35000,Petrol,Individual,Manual,1,1193,88.7
Chevrolet,2015,2.5,23500,Petrol,Individual,Manual,1,1199,76.8
Toyota,2015,9.5,190000,Diesel,Individual,Manual,2,2494,100.6
Maruti,2013,4.11,62000,Petrol,Dealer,Manual,1,1197,81.8
Nissan,2015,4.99,61000,Diesel,Dealer,Manual,2,1461,84.8
Maruti,2009,1.2,110000,Petrol,Individual,Manual,2,1061,64.0
Bmw,2021,77.0,18703,Diesel,Individual,Automatic,1,2993,261.0
Maruti,2010,1.5,100000,Petrol,Individual,Manual,1,796,46.3
Hyundai,2010,2.5,60000,Petrol,Individual,Manual,1,1197,80.0
Hyundai,2019,7.0,19000,Petrol,Individual,Manual,1,1197,81.9
Maruti,2004,0.6,113000,Petrol,Individual,Manual,2,796,46.3
Volkswagen,2015,4.16,80000,Diesel,Individual,Manual,1,1498,88.8
Maruti,2011,3.5,137500,Diesel,Individual,Manual,3,1248,73.9
Tata,2007,0.75,100000,Petrol,Individual,Manual,2,1193,65.3
Volkswagen,2012,4.2,110000,Diesel,Individual,Manual,3,1968,138.1
Mahindra,2017,6.15,69000,Diesel,Individual,Automatic,1,1493,100.0
Tata,2008,1.2,100000,Diesel,Individual,Manual,2,1405,70.0
Renault,2017,6.95,65000,Diesel,Individual,Manual,2,1461,83.8
Maruti,2014,5.15,141334,Diesel,Individual,Manual,2,1248,74.0
Volvo,2015,15.95,44000,Diesel,Individual,Automatic,1,1984,150.0
Mahindra,2003,1.95,157138,Diesel,Individual,Manual,3,2179,120.0
Hyundai,2011,3.2,155000,Diesel,Individual,Manual,1,1396,90.0
Mahindra,2016,10.5,58000,Diesel,Individual,Manual,1,1997,120.0
Renault,2012,2.45,100000,Diesel,Dealer,Manual,1,1461,63.1
Mahindra,2019,15.75,18000,Diesel,Individual,Manual,1,2179,152.9
Chevrolet,2016,1.6,50000,Petrol,Individual,Manual,2,995,62.1
Toyota,2022,28.5,16000,Diesel,Individual,Automatic,1,2393,148.0
Hyundai,2016,5.2,29000,Petrol,Individual,Manual,1,1197,81.8
Maruti,2011,1.15,10000,Petrol,Individual,Manual,1,796,46.3
Maruti,2018,8.35,17000,Diesel,Dealer,Manual,1,1248,88.5
Kia,2019,6.43,10000,Diesel,Individual,Manual,1,1493,113.4
Maruti,2014,5.7,15000,Diesel,Individual,Manual,1,1248,74.0
Audi,2016,18.75,40000,Diesel,Individual,Automatic,1,1968,174.0
Renault,2016,2.4,59300,Petrol,Individual,Manual,1,799,53.3
Hyundai,2013,3.8,25000,Petrol,Individual,Manual,1,1197,82.8
Mahindra,2011,3.8,239451,Diesel,Individual,Manual,2,2523,63.0
Maruti,2013,5.2,58000,Diesel,Individual,Manual,1,1248,74.0
Tata,2018,4.09,27069,Petrol,Individual,Manual,1,1199,84.0
Tata,2012,0.45,28000,Petrol,Individual,Manual,2,624,37.5
Hyundai,2019,11.5,2286,Petrol,Dealer,Automatic,1,998,118.4
Maruti,2019,3.59,5500,Petrol,Individual,Manual,1,1196,73.0
Mercedes,2014,14.5,27800,Diesel,Dealer,Automatic,2,2143,120.7
Tata,2017,3.62,104000,Petrol,Individual,Manual,1,1193,64.1
Hyundai,2013,2.25,75000,Petrol,Individual,Manual,2,814,55.2
Maruti,2003,1.0,164000,Petrol,Individual,Manual,3,796,46.3
Honda,2015,11.3,50000,Petrol,Individual,Automatic,1,1997,154.0
Tata,2018,7.5,15000,Petrol,Individual,Manual,1,1198,108.5
Tata,2011,2.0,70000,Diesel,Individual,Manual,2,1396,70.0
Bmw,2016,21.99,77000,Diesel,Individual,Automatic,1,1995,184.0
Maruti,2015,5.45,70000,Petrol,Individual,Manual,1,1197,85.0
Tata,2018,13.0,35000,Diesel,Individual,Manual,1,2179,153.9
Chevrolet,2010,0.75,120000,Petrol,Individual,Manual,1,995,62.0
Renault,2016,2.6,30000,Petrol,Individual,Manual,1,799,53.3
Maruti,2016,3.45,73190,Petrol,Individual,Manual,2,998,67.0
Bmw,2020,86.0,21696,Diesel,Individual,Automatic,1,2993,262.0
Maruti,2008,1.75,65000,Diesel,Individual,Manual,2,1248,74.0
Maruti,2011,2.0,70000,LPG,Individual,Manual,1,998,58.2
Maruti,2017,7.54,40000,Diesel,Individual,Manual,1,1248,74.0
Honda,2015,4.5,50000,Petrol,Individual,Manual,1,1198,86.7
Toyota,2013,9.1,70000,Diesel,Individual,Manual,2,2494,100.0
Mercedes,2018,85.0,25275,Petrol,Individual,Automatic,1,2996,362.0
Mahindra,2017,3.25,5000,Petrol,Individual,Manual,2,1198,82.0
Hyundai,2021,21.4,24000,Petrol,Individual,Automatic,1,1999,157.0
Maruti,2018,6.25,10000,Petrol,Individual,Manual,1,1197,83.1
Hyundai,2017,7.5,43000,Diesel,Dealer,Manual,1,1396,88.7
Toyota,2014,17.5,30000,Diesel,Individual,Manual,2,2982,168.5
Hyundai,2014,5.45,80000,Diesel,Individual,Manual,2,1582,126.3
Maruti,2017,8.0,37000,Diesel,Individual,Manual,1,1248,88.5
Honda,2014,3.9,67000,Petrol,Individual,Automatic,1,1198,87.0
Tata,2013,2.6,189000,Diesel,Individual,Manual,1,1248,88.8
Mahindra,2021,18.0,14500,Diesel,Individual,Manual,1,2184,130.0
Mahindra,2019,9.74,15000,Diesel,Individual,Manual,1,2498,105.0
Renault,2017,3.2,28000,Petrol,Individual,Manual,1,799,53.3
Chevrolet,2015,3.71,40000,Petrol,Individual,Manual,1,1199,82.4
Skoda,2016,15.0,70000,Petrol,Individual,Automatic,2,1798,177.0
Maruti,2019,4.5,60000,CNG,Individual,Manual,1,1196,61.7
Hyundai,2016,8.9,40000,Petrol,Dealer,Automatic,1,1591,121.3
Renault,2015,5.5,60000,Diesel,Individual,Manual,1,1461,83.8
Honda,2018,11.8,5500,Petrol,Individual,Manual,1,1497,117.6
Honda,2014,3.25,43037,Petrol,Individual,Manual,1,1198,87.0
Toyota,2017,23.45,47000,Petrol,Individual,Automatic,1,2494,179.0
Ford,2011,2.05,100000,Diesel,Individual,Manual,2,1399,68.0
Maruti,2010,2.25,64000,Diesel,Individual,Manual,3,1248,73.9
Maruti,2015,5.0,120000,Diesel,Individual,Manual,1,1248,74.0
Toyota,2016,16.5,127700,Diesel,Dealer,Automatic,2,2755,171.5
Hyundai,2015,5.49,61900,Petrol,Individual,Manual,1,1197,82.0
Mahindra,2018,3.4,51492,Petrol,Individual,Manual,1,1198,82.0
Hyundai,2020,9.0,23000,Petrol,Individual,Manual,1,998,118.0
Bmw,2017,32.0,13663,Diesel,Dealer,Automatic,1,1995,190.0
Renault,2016,2.7,30000,Petrol,Individual,Manual,3,999,67.0
Hyundai,2008,2.15,70000,Petrol,Individual,Manual,2,1197,78.9
Hyundai,2017,7.25,36597,Petrol,Individual,Manual,2,1197,82.0
Toyota,2013,8.5,120000,Diesel,Individual,Manual,2,2494,100.6
Hyundai,2016,7.25,120000,Diesel,Individual,Manual,1,1396,88.7
Mahindra,2018,12.0,25000,Diesel,Individual,Manual,1,2179,152.9
Tata,2022,10.5,1500,Petrol,Individual,Manual,1,1199,118.0
Maruti,2010,2.2,40000,Petrol,Individual,Manual,1,998,67.1
Hyundai,2006,1.1,140000,Petrol,Individual,Manual,2,1599,94.0
Maruti,2019,9.9,21894,Petrol,Individual,Automatic,1,1462,103.0
Skoda,2017,13.9,56000,Petrol,Individual,Automatic,1,1798,177.0
Maruti,2009,2.95,185000,Diesel,Individual,Manual,1,1248,75.0
Maruti,2017,7.9,50000,Diesel,Individual,Manual,1,1248,89.0
Honda,2016,6.35,72200,Diesel,Individual,Manual,1,1498,99.0
Tata,2015,2.85,70000,Diesel,Individual,Manual,1,1405,70.0
Maruti,2016,6.5,81000,Diesel,Dealer,Manual,2,1248,88.5
Maruti,2019,6.5,15000,Petrol,Individual,Automatic,1,1197,81.8
Tata,2015,3.25,50000,Petrol,Individual,Manual,1,1193,88.7
Tata,2009,2.5,146000,Diesel,Individual,Manual,2,2179,138.0
Maruti,2017,3.7,40000,Petrol,Individual,Manual,1,1197,81.8
Ford,2018,9.5,35000,Diesel,Individual,Manual,1,1498,99.0
Chevrolet,2012,1.5,70000,Diesel,Individual,Manual,2,936,57.6
Maruti,2016,4.1,120000,Diesel,Individual,Manual,1,1248,73.9
Hyundai,2014,6.2,110000,Diesel,Individual,Manual,1,1396,88.7
Hyundai,2010,3.2,100000,Petrol,Individual,Manual,3,1599,103.2
Maruti,2017,3.3,90000,Petrol,Individual,Manual,1,1196,73.0
Hyundai,2014,3.75,52000,Petrol,Individual,Manual,1,1197,81.9
Honda,2017,5.95,99000,Petrol,Individual,Automatic,1,1199,89.0
Hyundai,2012,2.7,41200,Petrol,Individual,Manual,1,1197,79.0
Hyundai,2014,2.6,18945,Petrol,Individual,Manual,1,814,55.2
Hyundai,2021,18.25,45000,Petrol,Individual,Automatic,1,1353,138.0
Volkswagen,2019,5.85,10000,Petrol,Individual,Manual,1,999,75.0
Tata,2008,2.0,80000,Diesel,Individual,Manual,1,1948,68.0
Maruti,2014,4.9,50000,Diesel,Individual,Manual,1,1248,74.0
Toyota,2011,9.0,110000,Diesel,Individual,Manual,1,2494,102.0
Volkswagen,2016,5.6,50000,Diesel,Individual,Manual,1,1498,88.7
Honda,2017,4.5,6750,Petrol,Individual,Manual,1,1198,86.8
Hyundai,2018,7.0,25000,Petrol,Individual,Manual,1,1197,81.9
Toyota,2016,9.5,99000,Diesel,Dealer,Manual,1,2494,100.6
Maruti,2014,3.0,60000,Petrol,Individual,Manual,2,998,67.0
Maruti,2017,3.8,30000,CNG,Individual,Manual,1,1196,61.7
Hyundai,2014,7.0,117000,Diesel,Dealer,Manual,1,1582,126.3
Skoda,2021,31.99,6900,Petrol,Individual,Automatic,1,1798,177.0
Hyundai,2017,11.5,63309,Diesel,Dealer,Manual,1,1582,126.2
Maruti,2014,6.0,53213,Diesel,Individual,Manual,1,1248,89.0
Honda,2017,17.5,73000,Petrol,Dealer,Automatic,1,2354,187.4
Toyota,2015,9.0,125000,Diesel,Individual,Manual,1,2494,100.6
Maruti,2011,1.95,75000,Diesel,Individual,Manual,1,1248,75.0
Hyundai,2012,1.85,55700,Petrol,Individual,Manual,2,814,56.0
Hyundai,2015,2.8,60000,Petrol,Individual,Manual,2,814,55.2
Honda,2015,4.15,45000,Petrol,Individual,Automatic,1,1198,86.7
Honda,2015,5.95,72000,Petrol,Individual,Manual,1,1497,117.0
Hyundai,2006,1.35,120000,Diesel,Individual,Manual,2,1493,110.0
Volkswagen,2012,2.8,80000,Diesel,Individual,Manual,3,1598,103.6
Tata,2012,5.25,135000,Diesel,Individual,Manual,1,2179,138.0
Hyundai,2016,6.0,10000,Petrol,Individual,Manual,1,1197,81.8
Audi,2018,24.75,38000,Diesel,Individual,Automatic,1,1968,184.0
Skoda,2012,3.2,55885,Petrol,Dealer,Manual,1,1198,75.0
Audi,2014,13.0,51000,Diesel,Individual,Automatic,2,1968,174.0
Skoda,2017,14.95,28000,Petrol,Individual,Automatic,1,1798,177.0
Hyundai,2011,2.8,100000,Diesel,Individual,Manual,2,1396,90.0
Bmw,2013,20.0,60000,Diesel,Individual,Automatic,1,2993,235.0
Mahindra,2018,8.5,83000,Diesel,Individual,Manual,1,1493,70.0
Maruti,2013,3.71,67082,Petrol,Dealer,Manual,2,1197,81.8
Honda,2011,5.0,35000,Petrol,Individual,Manual,1,1497,118.0
Mahindra,2020,10.8,52000,Diesel,Individual,Manual,1,1497,115.0
Maruti,2012,2.4,90000,Diesel,Individual,Manual,2,1248,73.9
Ford,2011,3.2,130000,Diesel,Individual,Manual,2,1399,68.0
Maruti,2010,0.85,150000,Petrol,Individual,Manual,3,796,46.3
Ford,2014,5.0,132000,Diesel,Dealer,Manual,2,1498,89.8
Renault,2019,3.1,25000,Petrol,Individual,Manual,1,799,53.3
Hyundai,2015,9.0,50000,Diesel,Individual,Manual,1,1582,126.2
Chevrolet,2015,5.1,197000,Diesel,Individual,Manual,1,2499,72.4
Hyundai,2007,1.7,120000,Diesel,Individual,Manual,2,1493,110.0
Mahindra,2016,8.0,90000,Diesel,Individual,Manual,1,2179,140.0
Mahindra,2013,5.0,160000,Diesel,Individual,Manual,1,2523,62.1
Chevrolet,2011,3.0,40000,Diesel,Individual,Manual,1,1991,147.9
Volkswagen,2018,6.0,40000,Diesel,Individual,Manual,1,1498,108.6
Maruti,2016,6.9,32000,Diesel,Dealer,Manual,1,1248,88.5
Maruti,2018,3.0,30000,Petrol,Individual,Manual,1,796,47.3
Audi,2020,53.0,36000,Petrol,Individual,Automatic,1,1984,241.0
Honda,2006,1.8,120000,Petrol,Individual,Manual,2,1497,78.0
Maruti,2008,1.49,87540,LPG,Individual,Manual,3,796,35.5
Maruti,2017,2.68,25000,Petrol,Individual,Manual,1,796,47.3
Maruti,2015,7.0,120000,Diesel,Individual,Manual,2,1248,88.8
Maruti,2020,6.25,58736,Petrol,Individual,Manual,1,1197,83.0
Maruti,2020,4.15,15000,Petrol,Individual,Manual,1,1196,73.0
Mahindra,2008,3.65,120000,Diesel,Individual,Manual,4,2609,120.0
Maruti,2018,5.5,10000,Petrol,Individual,Manual,1,1197,83.1
Chevrolet,2016,5.25,80000,Diesel,Individual,Manual,1,1248,73.7
Volvo,2013,12.0,72500,Diesel,Individual,Automatic,2,1984,150.0
Hyundai,2014,4.0,50074,Diesel,Individual,Manual,1,1120,70.0
Mahindra,2018,9.0,35000,Diesel,Individual,Manual,1,2498,105.0
Tata,2010,1.6,30000,Diesel,Individual,Manual,2,1248,88.8
Tata,2009,0.8,110000,Diesel,Individual,Manual,2,1396,53.5
Maruti,2010,2.0,40000,LPG,Individual,Manual,4,1061,57.5
Maruti,2015,3.0,24000,Petrol,Individual,Manual,1,998,67.0
Maruti,2004,0.4,120000,Petrol,Individual,Manual,1,796,37.0
Ford,2012,2.0,104500,Diesel,Individual,Manual,2,1399,68.0
Maruti,2021,7.5,58000,Petrol,Individual,Manual,1,1197,83.0
Mahindra,2015,5.1,65000,Diesel,Individual,Manual,1,2523,62.1
Maruti,2004,0.33,90000,Petrol,Individual,Manual,3,998,67.1
Mahindra,2012,6.0,75000,Diesel,Individual,Manual,1,2523,62.1
Toyota,2010,10.5,220000,Diesel,Individual,Manual,2,2982,171.0
Hyundai,2017,5.7,28782,Petrol,Dealer,Manual,1,1197,81.8
Toyota,2015,3.6,110000,Petrol,Individual,Manual,3,1496,88.7
Maruti,2019,7.5,6200,Petrol,Individual,Manual,1,1462,103.0
Maruti,2017,7.55,20000,Diesel,Individual,Manual,1,1248,74.0
Maruti,2022,9.5,10000,Petrol,Individual,Automatic,1,1197,89.0
Ford,2007,1.42,97000,Petrol,Individual,Manual,1,1388,68.0
Ford,2019,8.5,28000,Diesel,Individual,Manual,1,1498,99.0
Tata,2018,2.5,110000,Diesel,Individual,Manual,1,1396,69.0
Maruti,2015,4.0,22500,Petrol,Individual,Manual,1,998,67.0
Hyundai,2013,1.95,50000,Petrol,Individual,Manual,2,1086,62.1
Hyundai,2017,6.5,32331,Diesel,Individual,Manual,2,1396,88.7
Maruti,2017,6.7,36000,Diesel,Individual,Manual,1,1248,74.0
Hyundai,2014,4.7,30528,Petrol,Dealer,Manual,1,1197,81.9
Hyundai,2018,7.99,60000,Diesel,Individual,Manual,2,1396,88.7
Maruti,1998,0.58,80000,Petrol,Individual,Manual,3,993,60.0
Honda,2019,10.0,72000,Diesel,Individual,Manual,1,1498,98.6
Maruti,2013,3.2,120000,Diesel,Individual,Manual,1,1248,73.9
Tata,2007,2.8,160000,Diesel,Individual,Manual,2,2956,138.1
Maruti,2016,2.45,50000,Petrol,Individual,Manual,1,796,47.3
Jeep,2017,16.5,50000,Diesel,Individual,Manual,1,1956,170.0
Maruti,2019,5.25,50000,CNG,Individual,Manual,1,998,58.0
Hyundai,2014,7.3,60000,Diesel,Individual,Manual,1,1582,126.3
Maruti,2014,4.0,120000,Petrol,Individual,Manual,1,1197,85.8
Maruti,2012,3.5,72000,Petrol,Individual,Manual,2,1197,85.8
Hyundai,2013,3.7,120000,Petrol,Individual,Manual,1,1197,82.8
Land Rover,2020,275.0,11000,Diesel,Individual,Automatic,2,2993,244.0
Maruti,2018,7.2,20000,Petrol,Individual,Manual,1,1197,81.8
Renault,2017,3.25,38000,Petrol,Individual,Manual,1,999,67.0
Mahindra,2018,13.5,56500,Diesel,Individual,Manual,1,2179,140.0
Toyota,2014,10.0,158690,Diesel,Individual,Manual,2,2494,100.0
Toyota,2012,4.15,125000,Diesel,Individual,Manual,2,1364,87.2
Maruti,2017,4.4,30000,Petrol,Individual,Manual,1,998,67.0
Audi,2013,14.2,117000,Diesel,Individual,Automatic,1,1968,174.0
Maruti,2015,4.75,51000,Petrol,Dealer,Manual,1,1197,81.8
Maruti,2012,3.2,120000,Diesel,Individual,Manual,2,1248,74.0
Chevrolet,2016,2.8,110000,Diesel,Individual,Manual,2,1248,73.7
Mercedes,2020,68.0,14500,Diesel,Individual,Automatic,1,1950,192.0
Tata,2016,3.0,60000,Diesel,Individual,Manual,2,1405,48.2
Maruti,2013,3.7,90000,Diesel,Individual,Manual,2,1248,74.0
Tata,2008,1.75,120000,Diesel,Individual,Manual,3,1405,68.0
Mahindra,2016,7.7,50000,Diesel,Individual,Manual,1,1493,100.0
Tata,2017,5.2,20000,Petrol,Individual,Manual,1,1199,84.0
Ford,2006,1.8,114321,Diesel,Individual,Manual,2,1399,68.0
Tata,2018,5.0,5000,Petrol,Individual,Automatic,1,1199,84.0
Maruti,2012,3.5,120000,Diesel,Individual,Manual,2,1248,88.8
Hyundai,2012,1.8,56000,Petrol,Individual,Manual,1,814,55.2
Maruti,2017,2.75,28000,Petrol,Individual,Manual,1,796,47.3
Honda,2014,4.65,29442,Petrol,Individual,Automatic,1,1198,87.0
Ford,2007,1.25,110000,Diesel,Individual,Manual,3,1399,68.0
Maruti,2013,4.0,188000,Diesel,Individual,Manual,2,1248,74.0
Maruti,2018,9.5,51000,Diesel,Individual,Manual,1,1248,88.5
Maruti,2010,1.7,100000,Petrol,Individual,Manual,1,796,46.3
Maruti,2011,1.96,110000,Petrol,Individual,Manual,1,998,67.1
Honda,2011,2.5,55000,Petrol,Individual,Manual,1,1497,118.0
Toyota,2016,5.4,15500,Petrol,Individual,Manual,1,1496,88.7
Maruti,2019,8.5,72000,Diesel,Individual,Manual,1,1248,89.0
Volkswagen,2011,3.75,49000,Petrol,Individual,Manual,1,1598,103.6
Mahindra,2013,4.0,60000,Diesel,Individual,Manual,2,2523,62.1
Mahindra,2015,4.85,100000,Diesel,Individual,Manual,1,2523,63.0
Maruti,2014,4.75,40000,Petrol,Individual,Manual,1,1197,85.8
Mahindra,2015,6.34,165000,Diesel,Individual,Manual,1,1493,100.0
Mahindra,2011,4.85,80000,Diesel,Individual,Manual,2,2179,115.0
Ford,2003,1.1,83000,Petrol,Individual,Manual,2,1299,70.0
Ford,2017,5.7,31596,Petrol,Dealer,Manual,1,1497,121.4
Hyundai,2016,8.0,80000,Petrol,Individual,Automatic,2,1591,121.3
Skoda,2015,3.0,101500,Diesel,Individual,Manual,2,1498,103.5
Maruti,2008,2.5,70000,Petrol,Individual,Manual,4,1298,85.8
Honda,2006,0.93,80000,Petrol,Individual,Manual,2,1497,78.0
Chevrolet,2011,1.65,70000,Petrol,Individual,Manual,1,995,62.0
Mahindra,2015,9.45,41000,Diesel,Individual,Manual,1,2179,140.0
Hyundai,2014,2.75,53000,Petrol,Individual,Manual,1,1197,78.9
Hyundai,2017,6.5,22200,Diesel,Individual,Manual,1,1396,88.7
Kia,2021,18.75,21000,Diesel,Individual,Automatic,1,1493,114.0
Maruti,2014,5.99,46100,Petrol,Dealer,Manual,1,1373,93.7
Ford,2012,2.6,194000,Diesel,Individual,Manual,1,1399,68.0
Maruti,2013,3.2,100000,Diesel,Individual,Manual,3,1248,74.0
Maruti,2004,0.9,60000,Petrol,Individual,Manual,1,796,46.3
Toyota,2016,18.0,30000,Diesel,Individual,Automatic,1,2755,171.5
Datsun,2016,3.85,20000,Petrol,Individual,Manual,1,1198,67.0
Datsun,2016,2.75,49000,Petrol,Dealer,Manual,1,1198,67.0
Maruti,2016,7.25,110000,Diesel,Individual,Manual,1,1248,88.5
Honda,2016,10.0,50000,Diesel,Individual,Manual,2,1498,98.6
Maruti,2009,1.2,17000,Petrol,Individual,Manual,1,796,46.3
Maruti,2012,4.5,97000,Diesel,Individual,Manual,3,1248,74.0
Maruti,2015,4.05,100000,Diesel,Individual,Manual,1,1248,74.0
Mahindra,2013,6.0,110000,Diesel,Individual,Manual,2,2179,120.0
Hyundai,2015,5.0,58000,Petrol,Individual,Manual,1,1197,81.9
Maruti,2010,1.35,95000,Petrol,Individual,Manual,3,796,46.3
Honda,2015,5.75,50000,Petrol,Individual,Automatic,1,1199,88.7
Land Rover,2021,59.5,35000,Diesel,Individual,Automatic,1,1999,177.0
Maruti,2012,3.8,60000,Diesel,Individual,Manual,1,1248,73.9
Datsun,2018,4.5,80000,Petrol,Individual,Manual,1,1198,67.0
Tata,2012,2.0,30078,Petrol,Dealer,Manual,1,1396,70.0
Ford,2015,8.0,25000,Petrol,Individual,Manual,1,1499,110.4
Tata,2010,5.35,96443,Diesel,Individual,Manual,2,2179,138.1
Ford,2008,2.85,60000,Petrol,Individual,Manual,2,1596,99.6
Toyota,2006,4.25,270000,Diesel,Individual,Manual,3,2494,102.0
Hyundai,2011,3.9,153000,Diesel,Individual,Manual,1,1582,126.3
Hyundai,2016,9.25,66000,Diesel,Individual,Automatic,1,1582,126.0
Chevrolet,2010,1.2,40000,Petrol,Individual,Manual,2,1199,79.4
Maruti,2014,4.09,70000,Petrol,Individual,Manual,2,1197,85.8
Hyundai,2019,5.5,15000,Petrol,Individual,Manual,1,1197,81.9
Mahindra,2017,7.85,44000,Diesel,Individual,Manual,1,1493,100.0
Mahindra,2020,9.5,57400,Diesel,Individual,Manual,1,1497,115.0
Tata,2011,1.5,70000,Petrol,Individual,Manual,2,1172,65.0
Mahindra,2013,2.4,51500,Diesel,Individual,Manual,2,1493,100.0
Tata,2010,2.3,140000,Diesel,Individual,Manual,1,1248,75.0
Mahindra,2014,8.8,120000,Diesel,Individual,Manual,1,2179,140.0
Bmw,2018,44.0,70000,Diesel,Individual,Automatic,1,1995,190.0
Bmw,2015,16.5,74000,Diesel,Individual,Automatic,1,1995,184.0
Hyundai,2017,5.7,20000,Petrol,Individual,Manual,1,1197,81.9
Honda,2017,6.0,24500,Diesel,Dealer,Manual,1,1498,98.6
Maruti,2016,5.0,30000,Petrol,Individual,Manual,1,1197,83.1
Hyundai,2012,2.25,56000,Petrol,Individual,Manual,1,814,55.0
Volkswagen,2015,7.65,60240,Petrol,Individual,Automatic,1,1197,103.0
Maruti,2016,3.3,80000,Petrol,Individual,Manual,2,998,67.0
Maruti,2007,1.2,150000,Petrol,Individual,Manual,2,1061,64.0
Tata,2009,1.25,100000,Diesel,Individual,Manual,2,1405,71.0
Ford,2012,3.5,79990,Diesel,Dealer,Manual,2,1399,67.0
Bmw,2015,35.5,59000,Diesel,Individual,Automatic,1,2993,258.0
Mercedes,2016,27.0,35000,Diesel,Dealer,Automatic,1,2143,204.0
Maruti,2017,7.25,64000,Diesel,Individual,Manual,1,1248,89.0
Maruti,2017,7.25,75793,Diesel,Individual,Manual,1,1248,89.0
Mahindra,2016,3.9,62000,Diesel,Dealer,Manual,1,1198,77.0
Skoda,2013,2.5,150000,Diesel,Individual,Manual,2,1199,75.0
Hyundai,2017,5.85,47000,Petrol,Individual,Manual,1,1197,82.0
Ford,2017,5.0,15000,Petrol,Individual,Manual,1,1196,86.8
Hyundai,2016,8.6,57983,Petrol,Individual,Manual,1,1591,122.0
Maruti,2011,2.4,90000,Diesel,Individual,Manual,2,1248,73.9
Audi,2018,67.0,39850,Diesel,Individual,Automatic,1,2967,245.0
Audi,2016,51.75,65000,Diesel,Individual,Automatic,1,2967,245.0
Tata,2017,13.0,40000,Diesel,Individual,Automatic,1,2179,153.9
Mahindra,2012,7.5,120000,Diesel,Individual,Manual,1,2179,120.0
Toyota,2011,5.5,168000,Diesel,Individual,Manual,2,2494,102.0
Skoda,2011,4.11,64481,Diesel,Dealer,Manual,2,1598,103.5
Maruti,2016,3.45,49857,Petrol,Individual,Manual,1,998,67.0
Tata,2017,4.0,53000,Petrol,Individual,Manual,1,1193,88.7
Hyundai,2017,13.75,70000,Diesel,Individual,Automatic,1,1582,126.0
Mahindra,2015,5.25,39234,Diesel,Individual,Manual,2,2523,63.0
Toyota,2012,6.5,143477,Diesel,Individual,Manual,2,2494,102.0
Maruti,2009,1.8,90000,Petrol,Individual,Manual,2,1061,67.0
Fiat,2012,3.0,77000,Diesel,Individual,Manual,1,1248,91.7
Hyundai,2008,1.2,120000,Diesel,Individual,Manual,2,1493,110.0
Ambassador,2008,2.0,80000,Diesel,Individual,Manual,3,1995,52.0
Maruti,2014,4.45,80000,Diesel,Individual,Manual,2,1248,74.0
Maruti,2013,2.7,80000,CNG,Individual,Manual,2,998,58.3
Mahindra,2021,14.85,36700,Diesel,Individual,Manual,1,1497,121.0
Maruti,2014,3.25,48000,Petrol,Individual,Manual,1,998,67.0
Maruti,2018,4.85,62000,Petrol,Individual,Manual,2,1197,83.0
Hyundai,2017,8.75,42000,Petrol,Individual,Manual,1,1591,121.3
Hyundai,2016,5.35,58339,Diesel,Individual,Manual,1,1396,89.0
Mahindra,2011,3.8,80000,Diesel,Individual,Manual,1,2523,63.0
Hyundai,2010,1.31,80000,Petrol,Individual,Manual,3,1086,68.0
Hyundai,2015,8.0,90000,Diesel,Individual,Manual,1,1582,126.0
Mg,2019,17.0,16500,Petrol,Dealer,Automatic,1,1451,141.0
Honda,2017,8.5,47255,Petrol,Individual,Manual,1,1497,117.0
Maruti,2016,5.74,35000,Petrol,Individual,Manual,2,1197,83.1
Maruti,2015,2.36,60000,Petrol,Individual,Manual,1,796,47.3
Hyundai,2015,3.91,55000,Diesel,Dealer,Manual,1,1120,71.0
Maruti,2017,7.5,48069,Petrol,Individual,Automatic,1,1197,83.0
Maruti,2019,6.0,18000,Petrol,Individual,Manual,1,1197,81.8
Hyundai,2018,7.1,42000,Petrol,Individual,Manual,1,1197,81.8
Hyundai,2015,4.25,48000,Petrol,Individual,Manual,1,1197,81.0
Hyundai,2017,4.6,70000,Petrol,Individual,Manual,1,1197,82.0
Toyota,2016,31.0,90000,Diesel,Individual,Automatic,1,2755,174.5
Toyota,2016,11.51,69500,Diesel,Individual,Manual,2,2494,100.6
Maruti,2017,5.3,30000,Petrol,Individual,Manual,2,1197,83.1
Maruti,2017,3.91,24000,Petrol,Individual,Manual,1,998,67.0
Hyundai,2014,4.5,23000,Petrol,Individual,Manual,1,1197,83.0
Mahindra,2014,6.05,80000,Diesel,Individual,Manual,2,2179,140.0
Maruti,2009,2.2,120000,Petrol,Individual,Manual,1,1061,67.0
Maruti,2010,2.15,120000,Diesel,Individual,Manual,3,1248,73.9
Hyundai,2014,5.5,76000,Diesel,Dealer,Manual,1,1396,88.7
Maruti,2019,7.5,6500,Petrol,Individual,Automatic,1,1197,81.8
Mercedes,2011,14.95,72100,Diesel,Individual,Automatic,2,2987,235.0
Renault,2017,3.0,60000,Petrol,Individual,Manual,1,799,53.3
Maruti,2015,2.4,80000,Petrol,Individual,Manual,2,998,67.0
Honda,2013,3.35,64418,Petrol,Individual,Automatic,2,1198,87.0
Hyundai,2013,3.2,110000,Petrol,Individual,Manual,1,1197,82.8
Maruti,2000,0.46,90000,Petrol,Individual,Manual,2,796,46.3
Tata,2014,5.75,55000,Diesel,Individual,Manual,1,2179,138.1
Toyota,2010,7.5,150000,Diesel,Individual,Manual,2,2982,171.0
Maruti,2018,5.6,20000,Petrol,Individual,Manual,1,1197,83.1
Maruti,2018,6.0,25000,Petrol,Individual,Manual,1,1197,81.8
Maruti,2016,5.95,26357,Petrol,Individual,Manual,1,1197,83.0
Land Rover,2016,34.5,29000,Diesel,Individual,Automatic,1,2179,188.0
Maruti,2017,8.0,76642,CNG,Individual,Manual,1,1373,94.0
Maruti,2017,6.6,30000,Diesel,Individual,Manual,1,1248,74.0
Honda,2018,6.8,8576,Petrol,Dealer,Manual,1,1199,88.7
Maruti,2014,2.3,60000,Petrol,Individual,Manual,2,998,67.1
Maruti,2010,1.8,53000,Petrol,Individual,Manual,2,1197,85.8
Maruti,2014,3.5,15000,Petrol,Individual,Manual,1,998,67.0
Mahindra,2017,7.1,70000,Diesel,Individual,Manual,1,2523,62.1
Hyundai,2008,1.75,40000,Petrol,Individual,Manual,1,1086,62.0
Toyota,2016,19.25,27000,Diesel,Dealer,Manual,1,2393,147.5
Honda,2022,10.95,2700,Petrol,Individual,Manual,1,1497,118.0
Mercedes,2020,65.0,21000,Petrol,Individual,Automatic,2,1991,241.0
Skoda,2011,2.7,140000,Diesel,Individual,Manual,2,1968,108.5
Toyota,2011,8.0,197000,Diesel,Individual,Manual,1,2494,102.0
Hyundai,2005,1.3,79000,Diesel,Individual,Manual,2,1493,82.0
Hyundai,2010,2.15,120000,Diesel,Individual,Manual,3,1396,90.0
Skoda,2013,6.0,90000,Diesel,Individual,Automatic,1,1968,138.1
Chevrolet,2011,1.15,100000,Petrol,Individual,Manual,2,995,62.0
Ford,2018,7.0,19100,Petrol,Individual,Manual,1,1194,94.7
Maruti,2011,2.95,87230,Diesel,Individual,Manual,1,1248,75.0
Mahindra,2019,8.9,13000,Diesel,Dealer,Manual,1,2523,63.0
Mercedes,2011,9.5,65000,Petrol,Individual,Automatic,2,1991,184.0
Hyundai,2018,5.7,25000,Petrol,Individual,Manual,1,1197,81.8
Hyundai,2018,7.8,35000,Diesel,Individual,Manual,1,1396,88.7
Maruti,2012,2.2,100000,Petrol,Individual,Manual,1,796,47.3
Mahindra,2006,3.5,90000,Diesel,Individual,Manual,1,2609,116.6
Hyundai,2011,2.9,90000,Petrol,Individual,Manual,3,1197,80.0
Maruti,2019,4.9,7000,Petrol,Individual,Manual,1,998,67.0
Audi,2016,19.5,57057,Diesel,Individual,Automatic,1,1968,177.0
Hyundai,2012,5.25,120000,Diesel,Individual,Manual,1,1396,88.7
Mahindra,2017,6.6,80000,Diesel,Individual,Manual,1,1493,70.0
Maruti,2019,5.79,10000,Petrol,Individual,Manual,1,1197,83.1
Audi,2016,24.5,30000,Diesel,Dealer,Automatic,1,1968,187.7
Maruti,2016,8.5,100000,Diesel,Individual,Manual,1,1248,88.5
Maruti,2015,7.7,112000,Diesel,Individual,Manual,1,1248,89.0
Audi,2014,14.5,58000,Diesel,Individual,Automatic,2,1968,177.0
Hyundai,2008,1.4,60000,Petrol,Individual,Manual,2,1197,78.9
Maruti,2016,6.75,50000,Diesel,Individual,Manual,1,1248,89.0
Mahindra,2011,6.0,50000,Diesel,Individual,Manual,3,2179,120.0
Maruti,2015,4.2,115000,Diesel,Individual,Manual,2,1248,74.0
Mercedes,2017,51.0,56000,Petrol,Individual,Automatic,2,1991,241.0
Fiat,2015,3.5,60000,Petrol,Individual,Manual,3,1172,67.1
Ford,2015,6.0,50000,Diesel,Individual,Manual,1,1498,98.6
Honda,2018,7.0,43000,Diesel,Individual,Manual,1,1498,98.6
Maruti,2016,8.25,33500,Diesel,Individual,Manual,1,1248,88.5
Mahindra,2007,2.1,207890,Diesel,Individual,Manual,2,2523,63.0
Maruti,2017,7.5,52289,Diesel,Dealer,Manual,1,1248,88.5
Honda,2021,14.5,13000,Petrol,Individual,Automatic,1,1497,118.0
Maruti,2008,1.2,80000,Petrol,Individual,Manual,3,796,46.3
Renault,2014,4.5,133000,Diesel,Individual,Manual,1,1461,108.4
Volkswagen,2016,5.4,40000,Diesel,Individual,Manual,1,1498,108.5
Maruti,2010,1.6,80000,Petrol,Individual,Manual,2,796,46.3
Maruti,2016,6.0,6757,Petrol,Dealer,Manual,1,1197,81.8
Maruti,2018,2.8,48000,Petrol,Individual,Manual,2,796,47.0
Renault,2018,4.6,22541,Petrol,Individual,Manual,1,999,67.0
Datsun,2017,2.35,25000,Petrol,Individual,Manual,1,799,53.6
Maruti,1996,0.42,70000,Petrol,Individual,Manual,3,796,37.0
Hyundai,2018,7.3,31000,Petrol,Dealer,Automatic,1,1197,81.9
Hyundai,2014,6.0,100000,Diesel,Individual,Manual,4,1396,88.7
Honda,2015,5.0,100000,Diesel,Individual,Manual,1,1498,98.6
Tata,2018,5.2,60000,Petrol,Individual,Manual,1,1193,88.7
Chevrolet,2013,2.0,80000,Diesel,Individual,Manual,1,1248,76.9
Maruti,2005,0.8,90000,Petrol,Individual,Automatic,2,796,46.3
Hyundai,2018,6.0,25000,Petrol,Individual,Manual,2,1197,81.9
Maruti,2013,2.99,46000,Petrol,Individual,Manual,1,998,67.0
Mahindra,2016,5.5,80000,Diesel,Individual,Manual,2,2523,63.0
Toyota,2010,5.25,120000,Diesel,Individual,Manual,2,2494,102.0
Toyota,2011,3.5,90000,Diesel,Individual,Manual,1,1364,67.1
Mahindra,2010,2.65,135000,Diesel,Individual,Manual,1,2498,112.0
Tata,2010,1.7,150000,Diesel,Individual,Manual,3,1248,88.8
Renault,2015,4.85,75000,Diesel,Dealer,Manual,1,1461,83.8
Volkswagen,2017,7.5,50000,Diesel,Individual,Manual,1,1498,108.6
Honda,2016,6.75,53201,Petrol,Dealer,Manual,2,1497,117.3
Maruti,2016,2.6,120000,Petrol,Individual,Manual,1,998,67.0
Mercedes,2011,8.5,85000,Diesel,Individual,Automatic,2,2143,203.0
Hyundai,2018,7.0,28451,Petrol,Dealer,Manual,1,1197,81.8
Maruti,2012,2.3,50000,Petrol,Individual,Manual,1,998,67.1
Volkswagen,2011,2.75,125000,Diesel,Individual,Manual,4,1598,103.6
Maruti,2017,8.61,61260,Diesel,Dealer,Manual,1,1248,88.5
Maruti,2011,2.7,89000,Diesel,Individual,Manual,2,1248,73.9
Hyundai,2015,4.25,91500,Diesel,Individual,Manual,2,1120,70.0
Tata,2014,2.21,65000,Diesel,Dealer,Manual,1,1405,69.0
Hyundai,2013,1.72,120000,Petrol,Individual,Manual,1,1495,93.7
Hyundai,2011,4.75,80000,Diesel,Individual,Manual,1,1582,126.3
Mahindra,2017,7.25,100000,Diesel,Individual,Manual,2,1493,100.0
Hyundai,2011,3.8,157000,Diesel,Individual,Manual,2,1582,126.3
Maruti,2004,1.0,40000,Petrol,Individual,Manual,1,796,46.3
Hyundai,2018,12.37,46000,Diesel,Individual,Manual,1,1582,126.2
Mahindra,2012,1.8,110000,Petrol,Individual,Manual,2,1390,75.0
Hyundai,2014,4.2,50000,Diesel,Individual,Manual,1,1396,88.7
Toyota,2017,13.9,98000,Diesel,Dealer,Automatic,1,2755,171.5
Maruti,2012,3.1,25000,Diesel,Individual,Manual,2,1248,88.8
Maruti,2015,1.8,35000,Petrol,Individual,Manual,2,796,47.3
Maruti,2017,7.41,31000,Petrol,Individual,Automatic,1,1373,91.0
Audi,2015,25.5,69500,Diesel,Individual,Automatic,2,1968,190.0
Toyota,2015,11.5,40000,Diesel,Individual,Manual,1,2494,100.6
Renault,2016,6.45,120000,Diesel,Individual,Manual,1,1461,83.8
Ford,2015,5.0,60000,Diesel,Individual,Manual,1,1498,99.0
Maruti,2016,3.1,15000,Petrol,Individual,Manual,1,796,47.3
Maruti,2018,3.5,10000,Petrol,Individual,Manual,1,998,67.0
Maruti,2016,7.78,70000,Diesel,Individual,Manual,2,1248,88.5
Hyundai,2019,12.0,27657,Diesel,Individual,Automatic,2,1582,126.0
Mercedes,2016,30.0,40000,Diesel,Individual,Automatic,1,2143,204.0
Maruti,2016,6.5,50000,Diesel,Individual,Automatic,2,1248,74.0
Bmw,2019,58.0,7500,Diesel,Dealer,Automatic,1,1995,190.0
Honda,2019,12.0,40000,Diesel,Individual,Manual,1,1498,97.9
Maruti,2019,8.25,25500,Diesel,Individual,Manual,1,1248,89.0
Honda,2015,6.75,48000,Diesel,Individual,Manual,1,1498,99.0
Maruti,2017,3.5,15500,Petrol,Individual,Automatic,1,998,67.1
Maruti,2016,8.39,63000,Diesel,Dealer,Manual,1,1248,88.5
Tata,2016,2.53,45775,Petrol,Dealer,Manual,1,1199,84.0
Maruti,2017,2.9,90000,Petrol,Individual,Manual,2,796,47.3
Honda,2013,4.0,76000,Petrol,Individual,Manual,1,1497,116.0
Mercedes,2021,49.5,12400,Petrol,Individual,Automatic,1,1991,201.0
Hyundai,2014,3.5,84784,Diesel,Dealer,Manual,1,1120,70.0
Mahindra,2011,4.0,475000,Diesel,Individual,Manual,3,2179,115.0
Isuzu,2018,21.0,75592,Diesel,Individual,Automatic,1,2999,174.0
Hyundai,2016,7.2,80000,Diesel,Individual,Manual,1,1396,88.7
Tata,2009,0.88,201850,Diesel,Individual,Manual,2,1396,52.8
Mahindra,2019,9.25,40000,Diesel,Individual,Manual,1,1497,121.0
Tata,2010,2.9,65000,Petrol,Individual,Manual,1,1193,64.1
Mahindra,2015,10.0,35000,Diesel,Individual,Manual,1,1997,120.0
Hyundai,2016,4.5,53300,Petrol,Individual,Manual,1,1197,81.0
Ford,2019,9.5,20000,Diesel,Individual,Manual,1,1498,99.0
Maruti,2016,4.75,110000,Diesel,Individual,Manual,1,1248,73.9
Hyundai,2009,2.35,100000,Petrol,Individual,Manual,1,1197,80.0
Hyundai,2010,2.7,90000,Diesel,Individual,Manual,3,1396,90.0
Jaguar,2019,52.0,43000,Diesel,Individual,Automatic,1,1999,177.0
Maruti,2009,2.4,90000,Diesel,Individual,Manual,1,1248,73.9
Hyundai,2013,3.25,70000,Diesel,Individual,Manual,3,1396,88.8
Nissan,2012,3.5,50000,Petrol,Individual,Manual,1,1498,97.7
Maruti,2013,3.0,90000,Petrol,Individual,Manual,2,998,67.1
Ford,2011,8.5,298000,Diesel,Individual,Manual,2,2499,141.0
Honda,2015,5.45,42000,Petrol,Individual,Automatic,1,1199,89.0
Hyundai,2008,1.1,80000,Petrol,Individual,Manual,3,1086,63.0
Jeep,2017,15.5,87500,Diesel,Individual,Manual,1,1956,170.0
Hyundai,2017,4.55,50000,Diesel,Individual,Manual,1,1186,74.0
Tata,2017,5.4,70000,Diesel,Individual,Manual,1,1248,74.0
Nissan,2012,2.3,166000,Diesel,Individual,Manual,2,1461,63.1
Tata,2006,1.0,110000,Diesel,Individual,Manual,3,1405,62.0
Chevrolet,2014,6.0,90000,Diesel,Individual,Manual,2,2499,72.4
Mahindra,2015,10.5,28000,Diesel,Individual,Manual,2,2179,140.0
Hyundai,2019,5.21,3010,Petrol,Individual,Automatic,1,1086,68.0
Chevrolet,2017,3.5,90000,Petrol,Individual,Manual,1,1199,76.8
Hyundai,2013,6.5,64000,Diesel,Dealer,Automatic,1,1498,113.4
Volkswagen,2011,2.7,60000,Petrol,Individual,Manual,2,1198,73.9
Volkswagen,2013,9.5,80000,Diesel,Individual,Manual,2,1968,138.1
Mahindra,2018,6.6,74250,Diesel,Dealer,Manual,1,1498,75.0
Fiat,2010,2.0,80000,Diesel,Individual,Manual,2,1248,91.2
Mahindra,2018,15.95,54154,Diesel,Individual,Automatic,2,2179,153.0
Hyundai,2019,5.7,15000,Petrol,Individual,Manual,1,1197,81.9
Renault,2013,2.8,99000,Diesel,Individual,Manual,2,1461,84.0
Audi,2011,29.0,56000,Petrol,Individual,Automatic,3,4163,444.0
Maruti,2013,2.95,120000,Diesel,Individual,Manual,1,1248,73.9
Toyota,2011,9.0,120000,Diesel,Individual,Manual,1,2982,171.0
Mercedes,2021,75.0,13000,Petrol,Individual,Automatic,1,2996,362.0
Bmw,2018,33.5,18000,Diesel,Dealer,Automatic,1,1998,190.0
Hyundai,2022,10.85,3383,Petrol,Individual,Manual,1,998,118.0
Tata,2018,5.5,10000,Petrol,Individual,Manual,1,1199,84.0
Tata,2018,4.85,35000,Petrol,Individual,Automatic,1,1199,84.0
Chevrolet,2016,7.5,67600,Diesel,Individual,Automatic,1,1998,163.7
Volkswagen,2018,6.5,40000,Diesel,Dealer,Manual,1,1498,88.0
Tata,2018,15.75,25000,Diesel,Individual,Manual,1,2179,153.9
Ford,2010,2.1,100000,Diesel,Individual,Manual,2,1399,68.0
Mahindra,2012,4.0,120000,Diesel,Individual,Manual,1,2523,62.1
Hyundai,2017,9.9,20000,Petrol,Individual,Automatic,1,1591,121.3
Tata,2009,1.7,55768,Diesel,Individual,Manual,1,1405,71.0
Volkswagen,2021,9.5,24000,Petrol,Individual,Manual,1,999,109.0
Mahindra,2010,2.6,380000,Diesel,Individual,Manual,2,2523,63.0
Ford,2009,4.8,70000,Diesel,Individual,Manual,3,2499,143.0
Maruti,2019,5.5,40000,Petrol,Individual,Manual,1,1197,81.8
Honda,2016,3.75,35134,Petrol,Individual,Manual,1,1198,87.0
Maruti,2014,4.25,70000,Diesel,Individual,Manual,1,1248,73.9
Hyundai,2019,13.9,29096,Petrol,Individual,Automatic,1,1591,122.0
Hyundai,2012,5.25,70000,Petrol,Individual,Manual,2,2359,198.2
Maruti,2005,1.25,70000,Petrol,Individual,Manual,4,796,46.3
Maruti,2014,5.6,90000,Diesel,Individual,Manual,1,1248,88.8
Mercedes,2012,16.5,44000,Petrol,Individual,Automatic,3,5461,368.0
Hyundai,2015,3.1,60000,Diesel,Individual,Manual,4,1120,70.0
Hyundai,2005,0.65,85000,Petrol,Individual,Manual,1,1341,83.0
Maruti,2016,3.5,140000,Petrol,Individual,Manual,1,998,67.0
Audi,2013,17.5,33900,Diesel,Dealer,Automatic,2,1968,174.3
Maruti,2017,6.25,70000,Diesel,Individual,Manual,1,1248,74.0
Hyundai,2008,1.15,80000,Petrol,Individual,Manual,2,1086,62.1
Mahindra,2018,10.0,35000,Diesel,Individual,Manual,1,2523,75.0
Ford,2017,7.45,82000,Diesel,Individual,Manual,1,1498,99.0
Nissan,2013,3.85,72000,Diesel,Individual,Manual,2,1461,84.0
Tata,2009,0.95,80000,Diesel,Individual,Manual,2,1396,52.8
Maruti,2016,4.5,48200,Petrol,Individual,Manual,2,1197,83.0
Mahindra,2016,4.0,14000,Petrol,Individual,Manual,2,1198,82.0
Maruti,2016,3.1,35000,CNG,Individual,Manual,2,998,58.2
Maruti,2017,7.1,73000,Diesel,Individual,Manual,1,1248,89.0
Ford,2015,12.75,64000,Diesel,Dealer,Automatic,1,2953,153.9
Maruti,2017,2.85,45600,Petrol,Individual,Manual,1,796,47.0
Toyota,2016,12.0,90000,Diesel,Individual,Manual,1,2494,100.6
Hyundai,2013,4.0,71000,Diesel,Individual,Manual,1,1582,126.0
Tata,2011,3.25,79000,Diesel,Individual,Manual,1,1248,88.8
Tata,2012,1.15,93000,Petrol,Individual,Manual,2,1368,90.0
Hyundai,2010,2.6,110000,Diesel,Individual,Manual,2,1493,110.0
Renault,2014,5.0,120000,Diesel,Individual,Manual,1,1461,108.4
Honda,2013,3.55,80000,Petrol,Individual,Manual,1,1198,86.8
Chevrolet,2011,1.5,30000,Petrol,Individual,Manual,1,995,62.0
Hyundai,2010,3.5,90000,Diesel,Individual,Manual,2,1396,90.0
Audi,2022,94.0,4500,Petrol,Individual,Automatic,1,2995,335.0
Mahindra,2017,13.0,50000,Diesel,Individual,Manual,2,1997,120.0
Mahindra,2016,12.9,50000,Diesel,Individual,Automatic,1,2179,140.0
Audi,2016,19.5,84878,Diesel,Individual,Automatic,2,1968,174.0
Ford,2011,1.7,80000,Diesel,Individual,Manual,3,1399,68.0
Maruti,2016,5.5,50000,Diesel,Individual,Manual,1,1248,74.0
Maruti,2018,6.98,27654,Diesel,Dealer,Automatic,1,1248,74.0
Tata,2010,1.5,120000,Diesel,Individual,Manual,2,1248,88.8
Volkswagen,2012,3.61,90000,Diesel,Individual,Manual,1,1598,103.6
Skoda,2014,11.0,79000,Diesel,Individual,Manual,2,1968,141.0
Maruti,2014,6.1,21000,Petrol,Individual,Manual,1,1373,93.7
Hyundai,2018,5.4,30000,Diesel,Individual,Manual,1,1186,74.0
Mahindra,2007,2.3,120000,Diesel,Individual,Manual,3,2609,120.0
Tata,2016,4.4,20000,Diesel,Individual,Manual,1,1405,69.0
Fiat,2009,1.5,55000,Petrol,Individual,Manual,1,1368,88.7
Hyundai,2015,3.75,160000,Diesel,Individual,Manual,1,1120,71.0
Skoda,2016,3.95,50000,Petrol,Individual,Manual,3,1598,103.2
Maruti,2013,4.75,149000,Diesel,Individual,Manual,1,1248,74.0
Ford,2018,6.9,13000,Petrol,Individual,Manual,1,1194,94.9
Tata,2005,2.25,188000,Diesel,Individual,Manual,1,1948,90.0
Volvo,2014,25.0,30000,Diesel,Individual,Automatic,1,1984,181.0
Hyundai,2009,1.5,90000,Petrol,Individual,Manual,1,1086,62.1
Maruti,2016,6.9,80000,Diesel,Individual,Manual,1,1248,74.0
Maruti,2007,1.2,70000,Petrol,Individual,Manual,2,1061,67.0
Hyundai,2017,5.3,80000,Diesel,Individual,Manual,2,1186,74.0
Hyundai,2013,3.75,70000,Petrol,Individual,Manual,1,1197,82.8
Maruti,2010,2.0,73730,Petrol,Dealer,Manual,1,998,67.1
Hyundai,2016,5.6,80000,Diesel,Individual,Manual,2,1396,89.0
Mahindra,2018,8.2,11500,Diesel,Individual,Manual,1,1493,100.0
Mahindra,2017,8.91,80000,Diesel,Individual,Manual,1,2179,120.0
Maruti,2019,8.9,9000,Diesel,Individual,Manual,1,1248,88.5
Renault,2016,2.35,60000,Petrol,Individual,Manual,1,999,67.0
Chevrolet,2011,1.5,40000,Petrol,Individual,Manual,2,995,62.0
Land Rover,2016,39.0,20000,Diesel,Individual,Automatic,1,1999,177.0
Mahindra,2016,7.0,103000,Diesel,Individual,Manual,1,1493,70.0
Mahindra,2011,3.5,120000,Diesel,Individual,Manual,3,2179,115.0
Mahindra,2016,7.3,65100,Diesel,Individual,Manual,2,1493,100.0
Maruti,2019,8.92,10000,Diesel,Individual,Manual,1,1248,88.5
Hyundai,2007,1.1,75000,Petrol,Individual,Manual,2,1086,63.0
Mahindra,2019,8.75,25000,Diesel,Individual,Manual,1,1493,100.0
Honda,2010,2.85,79000,Petrol,Individual,Manual,1,1497,116.3
Mercedes,2019,27.5,56500,Diesel,Individual,Automatic,1,2143,134.0
Mahindra,2016,4.0,35000,Diesel,Individual,Manual,1,1198,77.0
Honda,2019,6.5,42000,Petrol,Individual,Manual,1,1198,87.0
Mahindra,2018,12.0,50000,Diesel,Individual,Manual,1,1497,121.0
Tata,2011,0.45,10000,Petrol,Individual,Manual,3,624,35.0
Renault,2013,5.2,109000,Diesel,Individual,Manual,2,1461,108.4
Renault,2016,2.7,44000,Petrol,Individual,Manual,1,799,53.3
Honda,2015,5.15,63587,Diesel,Individual,Manual,1,1498,99.0
Maruti,2013,5.0,60000,Petrol,Individual,Manual,1,1373,93.7
Hyundai,2018,5.7,20000,Petrol,Individual,Manual,1,1197,81.9
Toyota,2016,17.0,110000,Diesel,Individual,Manual,2,2393,147.8
Hyundai,2016,7.0,40000,Diesel,Individual,Manual,1,1396,88.7
Hyundai,2020,7.75,39000,Petrol,Individual,Manual,1,1197,82.0
Mahindra,2003,3.0,98000,Diesel,Individual,Manual,1,2179,120.0
Maruti,2018,5.85,31000,Petrol,Individual,Manual,1,1373,91.0
Honda,2018,11.38,6000,Petrol,Dealer,Automatic,1,1497,117.0
Tata,2013,2.5,100000,Diesel,Individual,Manual,1,1396,70.0
Tata,2014,1.85,80000,Diesel,Individual,Manual,2,1405,69.0
Hyundai,2012,1.75,60000,LPG,Individual,Manual,2,1086,63.0
Ford,2012,3.5,85000,Diesel,Individual,Manual,1,1498,89.0
Ford,2011,9.75,93468,Diesel,Individual,Automatic,2,2953,153.9
Maruti,2005,0.85,150000,Petrol,Individual,Manual,2,796,46.3
Chevrolet,2008,0.8,70000,Petrol,Individual,Manual,2,1150,74.9
Hyundai,2014,4.0,60000,Petrol,Individual,Manual,2,1197,82.0
Hyundai,2019,10.75,45000,Petrol,Individual,Automatic,1,1591,122.0
Mahindra,2020,8.3,120000,Diesel,Individual,Manual,1,2179,152.9
Maruti,2004,1.2,120000,Petrol,Individual,Manual,3,998,67.1
Toyota,2015,5.25,80000,Diesel,Individual,Manual,2,1364,67.0
Mahindra,2015,7.95,86000,Diesel,Individual,Manual,2,2523,75.0
Mahindra,2009,6.0,155000,Diesel,Individual,Automatic,2,2179,120.0
Mercedes,2018,61.5,18000,Diesel,Individual,Automatic,1,2987,255.0
Maruti,2018,5.75,27239,Petrol,Individual,Automatic,1,998,67.0
Maruti,2017,6.51,32500,Diesel,Individual,Manual,2,1248,74.0
Maruti,1999,0.5,60000,Petrol,Individual,Manual,4,993,60.0
Hyundai,2018,11.75,14000,Petrol,Dealer,Manual,1,1591,121.3
Maruti,2005,0.65,90000,Petrol,Individual,Manual,2,998,67.1
Tata,2010,2.35,50000,Diesel,Individual,Manual,1,1948,90.0
Tata,2014,5.4,77500,Diesel,Individual,Manual,2,2179,138.1
Renault,2021,8.0,13000,Petrol,Individual,Automatic,1,999,99.0
Maruti,2020,5.35,4295,Petrol,Individual,Manual,1,998,67.0
Maruti,2014,4.5,145500,Diesel,Individual,Manual,1,1248,74.0
Hyundai,2015,13.0,48000,Diesel,Individual,Manual,2,1582,126.2
Tata,2015,4.35,80000,Diesel,Individual,Manual,1,2956,83.8
Hyundai,2017,2.5,35000,Petrol,Individual,Manual,2,998,68.0
Maruti,2005,1.3,120000,Petrol,Individual,Manual,2,1298,88.2
Maruti,2007,2.5,100000,Diesel,Individual,Manual,2,1248,75.0
Hyundai,2020,6.5,58100,Petrol,Individual,Manual,1,1197,82.0
Maruti,2021,7.75,24000,Petrol,Individual,Automatic,1,1197,89.0
Hyundai,2013,2.0,57000,CNG,Individual,Manual,1,1086,62.0
Toyota,2010,6.5,160000,Diesel,Individual,Manual,1,2494,102.0
Porsche,2018,95.0,20000,Petrol,Individual,Automatic,1,1988,295.0
Hyundai,2014,2.25,47721,LPG,Individual,Manual,1,1086,68.0
Tata,2011,1.99,192326,Diesel,Individual,Manual,3,2179,120.0
Tata,2014,3.17,15000,Diesel,Individual,Manual,1,1405,70.0
Chevrolet,2007,1.02,50000,Petrol,Individual,Manual,2,1150,74.9
Tata,2005,1.0,90000,Petrol,Individual,Manual,2,1396,85.0
Tata,2018,4.5,75000,Petrol,Individual,Manual,1,1199,84.0
Renault,2015,6.0,60000,Diesel,Individual,Manual,1,1461,108.4
Honda,2017,6.5,50000,Diesel,Individual,Manual,1,1498,98.6
Mahindra,2019,10.75,8600,Diesel,Dealer,Manual,1,1497,121.0
Tata,2013,2.0,167000,Diesel,Individual,Manual,1,1248,88.8
Mahindra,2011,3.85,120000,Diesel,Individual,Manual,2,2523,75.0
Honda,2019,5.8,35000,Petrol,Individual,Manual,1,1199,88.7
Maruti,2019,10.11,74179,Diesel,Individual,Automatic,1,1248,89.0
Maruti,2009,1.15,60000,Petrol,Individual,Manual,3,1061,67.0
Nissan,2017,8.5,55000,Diesel,Individual,Automatic,1,1461,108.5
Renault,2017,3.4,6000,Diesel,Individual,Manual,1,1461,63.0
Hyundai,2010,2.5,190000,Diesel,Individual,Manual,3,1493,110.0
Toyota,2014,10.2,60000,Diesel,Individual,Manual,2,2494,100.6
Maruti,2017,7.0,80000,Diesel,Individual,Automatic,1,1248,74.0
Ford,2016,21.0,85000,Diesel,Individual,Automatic,2,2198,158.0
Tata,2011,1.5,50000,Petrol,Individual,Manual,2,1193,64.1
Hyundai,2013,2.95,82246,Petrol,Dealer,Manual,1,1197,78.9
Mercedes,2018,47.75,51529,Diesel,Individual,Automatic,1,1950,192.0
Hyundai,2013,4.25,60000,Diesel,Individual,Manual,1,1396,88.8
Maruti,1997,0.3,80000,Petrol,Individual,Manual,3,796,37.0
Skoda,2018,9.0,35000,Diesel,Individual,Manual,1,1498,108.6
Toyota,2020,15.6,20102,Diesel,Dealer,Manual,1,2393,147.5
Maruti,2012,3.0,88000,Petrol,Individual,Manual,1,1298,85.8
Hyundai,2015,5.0,36000,Petrol,Individual,Manual,1,1197,81.9
Honda,2017,4.0,50000,Petrol,Individual,Manual,1,1198,86.8
Toyota,2018,15.8,115000,Diesel,Individual,Automatic,1,2755,172.0
Skoda,2016,6.45,11000,Petrol,Dealer,Automatic,1,1598,103.5
Mahindra,2008,2.5,120000,Diesel,Individual,Manual,1,2523,63.0
Renault,2017,2.5,40000,Petrol,Individual,Manual,1,799,53.3
Ford,2016,8.25,35000,Diesel,Individual,Manual,2,1498,98.6
Mahindra,2017,16.25,54000,Diesel,Individual,Manual,1,2179,140.0
Renault,2016,2.5,41000,Petrol,Individual,Manual,1,799,53.3
Hyundai,2014,2.4,70000,Petrol,Individual,Manual,1,814,55.2
Mahindra,2018,15.3,40000,Diesel,Individual,Manual,1,2179,138.0
Mahindra,2018,7.5,50000,Diesel,Individual,Manual,1,1493,70.0
Mahindra,2015,4.3,110000,Diesel,Individual,Manual,2,1493,100.0
Volkswagen,2011,3.25,134000,Diesel,Individual,Manual,2,1199,73.9
Ford,2004,1.0,25000,Petrol,Individual,Manual,3,1597,92.0
Maruti,2012,2.0,38000,Petrol,Dealer,Manual,2,796,47.3
Maruti,2018,7.25,36521,Diesel,Dealer,Manual,1,1248,88.5
Mahindra,2016,4.0,100000,Petrol,Individual,Manual,1,1198,82.0
Skoda,2015,8.2,94580,Petrol,Individual,Automatic,1,1798,177.0
Maruti,2018,6.0,69779,Petrol,Dealer,Automatic,1,1197,81.8
Maruti,2017,7.25,35000,Petrol,Individual,Automatic,1,1197,81.8
Maruti,2011,1.41,15000,Petrol,Individual,Manual,3,796,46.3
Tata,2012,4.5,68240,Diesel,Dealer,Manual,1,2956,138.1
Nissan,2014,4.75,40000,Diesel,Individual,Manual,1,1461,108.5
Tata,2018,8.5,40000,Petrol,Individual,Manual,2,1198,108.5
Maruti,2008,1.75,65000,Petrol,Dealer,Manual,2,998,67.1
Honda,2014,4.9,120000,Diesel,Individual,Manual,1,1498,98.6
Tata,2016,2.0,110000,Diesel,Individual,Manual,2,1396,69.0
Nissan,2017,3.7,40000,Petrol,Individual,Manual,1,1198,67.0
Maruti,2011,3.05,188000,Diesel,Individual,Manual,2,1248,75.0
Maruti,2009,1.3,40000,Petrol,Individual,Manual,1,796,37.0
Maruti,2017,4.0,43000,CNG,Individual,Manual,1,998,58.0
Toyota,2016,15.0,100600,Diesel,Individual,Manual,2,2393,147.8
Maruti,2004,0.55,50000,Petrol,Individual,Manual,3,796,37.0
Mahindra,2014,7.75,125000,Diesel,Individual,Manual,1,2179,120.0
Hyundai,2016,4.2,9750,Petrol,Individual,Manual,2,1086,68.0
Tata,2011,2.25,35000,Petrol,Individual,Manual,1,1368,90.0
Maruti,2020,6.0,5000,Petrol,Individual,Manual,1,1197,81.8
Maruti,2012,1.91,90000,Petrol,Individual,Manual,1,998,67.1
Maruti,2015,2.99,92000,CNG,Individual,Manual,2,998,58.0
Tata,2017,14.0,70000,Diesel,Individual,Manual,1,2179,153.9
Mahindra,2015,10.45,70000,Diesel,Individual,Automatic,1,2179,140.0
Volkswagen,2016,6.25,68000,Petrol,Individual,Automatic,1,1197,103.0
Maruti,2016,7.56,70000,Diesel,Individual,Manual,2,1248,88.5
Datsun,2014,2.25,35000,Petrol,Individual,Manual,1,1198,67.0
Maruti,2012,4.6,87000,Diesel,Individual,Manual,1,1248,88.8
Maruti,2012,3.25,68000,Petrol,Individual,Manual,2,1197,85.0
Tata,2018,5.8,81000,Petrol,Individual,Automatic,1,1198,108.0
Hyundai,2015,4.35,90000,Petrol,Individual,Manual,2,1197,81.8
Maruti,2006,0.65,100000,Petrol,Individual,Manual,2,796,46.3
Tata,2012,1.58,110000,Diesel,Individual,Manual,2,1396,69.0
Mahindra,2011,4.55,90000,Diesel,Individual,Manual,1,2523,63.0
Maruti,2016,5.35,70000,Diesel,Individual,Manual,1,1248,74.0
Mahindra,2012,4.8,85472,Diesel,Dealer,Manual,1,2179,120.0
Mitsubishi,2016,19.5,120000,Diesel,Individual,Manual,1,2477,175.6
Maruti,2019,9.95,27900,Petrol,Individual,Manual,1,1462,103.0
Hyundai,2017,5.7,15000,Petrol,Individual,Manual,2,1197,81.8
Mini,2021,38.75,12000,Petrol,Individual,Automatic,1,1998,189.0
Tata,2020,16.5,16000,Diesel,Dealer,Manual,1,1956,167.7
Bmw,2018,26.5,50000,Diesel,Individual,Automatic,2,1995,184.0
Mercedes,2015,55.0,54000,Diesel,Individual,Automatic,1,2987,255.0
Toyota,2016,15.75,55000,Diesel,Individual,Automatic,1,2755,171.5
Maruti,2010,1.25,80000,Petrol,Individual,Manual,4,796,46.3
Hyundai,2020,7.2,5000,Petrol,Individual,Manual,1,1197,81.9
Maruti,2017,3.45,72019,Petrol,Individual,Manual,2,998,67.0
Honda,2020,21.25,5500,Diesel,Dealer,Manual,1,1597,118.0
Tata,2012,3.0,40000,Diesel,Individual,Manual,1,1396,70.0
Maruti,2011,3.5,118000,Diesel,Individual,Manual,2,1248,73.9
Maruti,2014,4.6,65000,Diesel,Individual,Manual,2,1248,74.0
Ford,2019,9.06,30000,Diesel,Individual,Manual,1,1498,99.0
Bmw,2011,9.75,61000,Diesel,Individual,Automatic,3,1995,217.0
Land Rover,2019,51.0,24444,Petrol,Individual,Automatic,2,1999,236.0
Maruti,2016,7.0,78000,Diesel,Individual,Manual,1,1248,74.0
Ford,2015,4.6,32000,Diesel,Individual,Manual,2,1498,99.0
Mahindra,2014,8.0,60000,Diesel,Individual,Manual,2,2179,140.0
Mercedes,2015,26.0,100000,Diesel,Individual,Automatic,2,2143,203.2
Hyundai,2011,2.35,80000,Petrol,Individual,Manual,2,1197,78.9
Maruti,2017,6.2,107000,Diesel,Individual,Manual,1,1248,74.0
Ford,2012,2.25,60000,Diesel,Individual,Manual,1,1399,68.0
Maruti,2018,6.8,28000,Petrol,Individual,Automatic,1,1197,81.8
Maruti,2008,2.6,120000,Diesel,Individual,Manual,2,1248,75.0
Nissan,2014,3.9,30000,Petrol,Individual,Manual,1,1198,67.0
Force,2018,10.5,13000,Diesel,Individual,Manual,1,2200,139.0
Maruti,2013,2.5,35000,Petrol,Individual,Manual,1,998,67.1
Hyundai,2017,3.0,15151,Petrol,Individual,Manual,2,814,55.2
Mahindra,2016,3.57,120000,Diesel,Individual,Manual,1,1198,77.0
Datsun,2018,3.0,7000,Petrol,Individual,Manual,1,999,67.0
Volkswagen,2021,15.0,31000,Petrol,Individual,Automatic,1,999,114.0
Honda,2017,6.25,23798,Petrol,Individual,Manual,1,1199,89.0
Mercedes,2018,42.5,24000,Diesel,Individual,Automatic,1,1950,192.0
Renault,2017,3.4,25000,Petrol,Individual,Manual,1,799,53.3
Hyundai,2018,9.65,87001,Diesel,Individual,Manual,1,1582,126.0
Renault,2018,12.65,12000,Diesel,Individual,Manual,1,1461,108.4
Ford,2018,3.72,50000,Diesel,Individual,Manual,4,1498,99.0
Maruti,2010,1.55,70000,CNG,Individual,Manual,2,796,38.4
Audi,2017,21.0,42000,Diesel,Individual,Automatic,1,1968,184.0
Mahindra,2011,3.7,120000,Diesel,Individual,Manual,3,2523,63.0
Bmw,2018,60.0,28156,Diesel,Dealer,Automatic,1,2993,261.4
Hyundai,2017,4.5,40000,Diesel,Individual,Manual,2,1186,74.0
Mahindra,2011,5.5,70000,Diesel,Individual,Manual,2,2179,120.0
Tata,2011,0.7,80000,Petrol,Individual,Manual,1,624,35.0
Hyundai,2015,6.15,72000,Diesel,Individual,Manual,1,1396,88.7
Volkswagen,2017,6.5,49060,Diesel,Individual,Manual,1,1498,108.5
Ford,2018,6.75,60000,Diesel,Individual,Manual,1,1498,98.6
Maruti,2013,3.5,60000,Diesel,Individual,Manual,1,1248,74.0
Maruti,2013,2.6,26000,Petrol,Individual,Manual,1,1196,73.0
Maruti,2014,5.2,70000,Diesel,Individual,Manual,2,1248,74.0
Maruti,2021,7.45,14722,Petrol,Individual,Manual,1,1197,89.0
Renault,2018,3.95,10800,Petrol,Individual,Manual,1,799,53.3
Ford,2012,1.4,70000,Diesel,Individual,Manual,4,1399,68.0
Mahindra,2013,5.0,70000,Diesel,Individual,Manual,2,2523,62.1
Ford,2019,32.5,34000,Diesel,Individual,Automatic,1,3198,197.0
Hyundai,2018,4.9,7000,Petrol,Individual,Manual,1,1086,68.0
Volkswagen,2012,4.5,90000,Diesel,Individual,Manual,1,1598,103.6
Maruti,1998,0.7,100000,Petrol,Individual,Manual,2,796,37.0
Ford,2019,6.25,48422,Petrol,Individual,Manual,1,1497,121.0
Tata,2013,2.9,25000,Diesel,Individual,Manual,1,1396,70.0
Hyundai,2011,3.1,26000,Petrol,Individual,Automatic,1,1396,100.0
Maruti,2018,6.5,50000,Diesel,Individual,Manual,1,1248,74.0
Toyota,2016,18.25,82567,Diesel,Individual,Manual,1,2393,148.0
Chevrolet,2015,4.25,70000,Diesel,Individual,Manual,1,2499,72.4
Hyundai,2007,1.35,119000,Diesel,Individual,Manual,4,1493,110.0
Chevrolet,2011,1.5,35000,Petrol,Individual,Manual,1,995,62.0
Maruti,2017,4.5,65000,Petrol,Individual,Manual,1,1197,83.0
Maruti,2016,2.6,65000,Petrol,Individual,Manual,2,796,47.3
Maruti,2009,3.07,100000,Diesel,Individual,Manual,2,1248,75.0
Hyundai,2014,2.3,70000,Petrol,Individual,Manual,1,814,55.2
Maruti,2017,3.52,68850,Petrol,Dealer,Manual,1,998,67.1
Maruti,2013,6.5,170000,Diesel,Individual,Manual,3,1248,88.8
Tata,2016,3.25,50000,Diesel,Individual,Manual,1,1248,88.7
Jaguar,2014,36.0,32000,Diesel,Individual,Automatic,2,2993,271.0
Tata,2017,4.5,89000,Diesel,Individual,Manual,1,1047,69.0
Hyundai,2011,2.15,40000,Petrol,Individual,Manual,2,1197,78.9
Maruti,2013,4.3,190000,Diesel,Individual,Manual,2,1248,74.0
Toyota,2011,8.0,60000,Diesel,Individual,Manual,1,2494,102.0
Ford,2015,5.8,52000,Diesel,Individual,Manual,1,1498,99.0
Audi,2020,31.25,28600,Petrol,Individual,Automatic,1,1798,170.0
Tata,2012,2.0,80868,Petrol,Individual,Manual,3,1368,88.8
Maruti,2017,5.9,30000,Diesel,Individual,Manual,1,1248,74.0
Audi,2019,29.0,15529,Diesel,Individual,Automatic,1,1968,141.0
Maruti,2014,2.4,80000,Petrol,Individual,Manual,2,998,67.0
Maruti,2015,5.5,29434,Petrol,Individual,Manual,1,1373,91.1
Maruti,2012,2.75,70000,Petrol,Individual,Manual,2,1197,85.8
Mercedes,2017,60.0,37000,Diesel,Dealer,Automatic,1,2987,254.8
Honda,2014,2.9,60000,Petrol,Individual,Manual,2,1198,86.8
Chevrolet,2011,1.69,41000,Petrol,Individual,Manual,1,995,62.0
Toyota,2022,115.0,4000,Other,Individual,Automatic,1,2494,115.0
Maruti,2015,2.7,40000,Petrol,Individual,Manual,1,796,47.3
Maruti,2017,3.0,80000,Petrol,Individual,Manual,1,796,47.3
Honda,2016,8.25,45000,Petrol,Individual,Automatic,1,1497,117.0
Maruti,2013,3.56,70000,Diesel,Individual,Manual,2,1248,74.0
Skoda,2012,5.0,86288,Diesel,Individual,Manual,1,1598,103.0
Maruti,2014,4.55,40000,Diesel,Individual,Manual,1,1248,74.0
Hyundai,2017,8.7,70000,Diesel,Individual,Manual,1,1582,126.0
Maruti,2008,2.0,147000,Diesel,Individual,Manual,2,1248,73.9
Renault,2016,2.6,80000,Petrol,Individual,Manual,1,799,53.3
Hyundai,2012,3.0,41000,Petrol,Individual,Manual,2,1197,78.9
Maruti,2016,5.0,35000,Diesel,Individual,Manual,1,1248,74.0
Maruti,2014,5.7,70000,Diesel,Individual,Manual,2,1248,74.0
Nissan,2018,8.4,30000,Diesel,Individual,Manual,1,1461,83.1
Renault,2012,4.0,120000,Diesel,Individual,Manual,3,1461,108.4
Renault,2019,6.75,5000,Petrol,Individual,Manual,1,999,72.0
Maruti,2021,4.1,13424,Petrol,Individual,Manual,1,796,47.0
Maruti,2006,1.2,141000,Petrol,Individual,Manual,2,993,60.0
Maruti,2015,3.1,72000,Petrol,Individual,Manual,1,1196,73.0
Hyundai,2022,18.75,18000,Petrol,Individual,Automatic,1,1353,138.0
Mahindra,2018,11.0,50000,Diesel,Individual,Manual,1,2179,152.9
Maruti,2014,3.0,70000,Petrol,Individual,Manual,1,998,67.0
Maruti,2019,6.75,5000,Petrol,Individual,Manual,1,1197,81.8
Maruti,2008,2.6,90000,Diesel,Individual,Manual,2,1248,75.0
Maruti,2019,7.7,27000,Diesel,Individual,Manual,1,1248,74.0
Datsun,2016,3.5,50000,Petrol,Individual,Manual,1,1198,67.0
Jaguar,2013,24.5,60000,Diesel,Individual,Automatic,1,2179,187.7
Hyundai,2010,2.85,80000,Diesel,Individual,Manual,2,1396,90.0
Toyota,2015,8.65,43634,Diesel,Individual,Manual,1,2494,101.0
Hyundai,2016,6.1,23000,Diesel,Individual,Manual,1,1120,70.0
Tata,2010,3.0,108957,Diesel,Individual,Manual,1,2179,138.0
Maruti,2017,6.5,35000,Diesel,Individual,Manual,2,1248,74.0
Maruti,2016,3.6,50000,CNG,Individual,Manual,1,998,58.2
Mahindra,2012,3.7,120000,Diesel,Individual,Manual,2,2179,115.0
Honda,2017,8.5,40000,Petrol,Individual,Manual,1,1497,117.6
Toyota,2015,6.25,76000,Diesel,Individual,Manual,1,1364,67.0
Maruti,2019,8.0,35700,Diesel,Dealer,Manual,1,1248,74.0
Mercedes,2021,75.0,8000,Diesel,Individual,Automatic,1,1950,192.0
Ford,2015,5.55,20000,Petrol,Individual,Manual,2,1499,110.0
Toyota,2014,7.2,80000,Diesel,Individual,Manual,2,2494,100.6
Mahindra,2016,6.25,90000,Diesel,Individual,Manual,2,2523,62.1
Maruti,2003,0.7,20000,Diesel,Individual,Manual,1,1527,57.0
Maruti,2019,7.15,31552,Petrol,Individual,Automatic,1,1197,82.0
Renault,2012,4.5,100000,Diesel,Individual,Manual,1,1461,108.4
Maruti,2007,1.7,78000,Petrol,Individual,Manual,2,1298,88.2
Hyundai,2016,2.8,19000,Petrol,Individual,Manual,1,814,55.2
Tata,2014,4.6,38000,Diesel,Individual,Manual,1,2179,138.0
Ford,2018,7.0,53000,Diesel,Individual,Manual,1,1498,99.0
Maruti,1995,0.55,70000,Petrol,Individual,Manual,1,796,37.0
Ford,2018,9.5,80000,Diesel,Individual,Manual,1,1498,99.0
Honda,2016,7.5,86000,Diesel,Individual,Manual,3,1498,98.6
Bmw,2020,41.0,12136,Diesel,Dealer,Automatic,1,1995,188.0
Hyundai,2013,2.9,50000,Petrol,Individual,Automatic,1,1197,78.9
Mahindra,2016,4.0,130000,Diesel,Individual,Manual,1,1198,77.0
Volkswagen,2010,2.5,80000,Diesel,Individual,Manual,4,1199,73.9
Hyundai,2019,12.0,40000,Diesel,Individual,Manual,1,1582,126.2
Tata,2019,17.0,15000,Diesel,Individual,Manual,1,1956,138.1
Hyundai,2012,2.15,20000,Petrol,Individual,Manual,1,814,55.0
Skoda,2013,4.25,57000,Petrol,Individual,Automatic,2,1598,103.0
Hyundai,2017,6.45,20000,Petrol,Individual,Manual,1,1197,81.8
Mahindra,2013,5.0,135000,Diesel,Individual,Manual,1,2179,140.0
Honda,2015,6.35,173000,Diesel,Individual,Manual,1,1498,98.6
Mahindra,2012,3.25,70000,Diesel,Individual,Manual,3,2489,95.0
Chevrolet,2011,4.0,80000,Diesel,Individual,Manual,3,1991,150.0
Ford,2017,8.8,33000,Diesel,Individual,Manual,1,1498,99.0
Honda,2016,4.0,68000,Petrol,Individual,Manual,1,1198,86.8
Hyundai,2016,4.1,78000,Diesel,Dealer,Manual,1,1186,74.0
Mahindra,2018,8.75,24000,Diesel,Individual,Manual,1,2498,105.0
Renault,2012,3.2,110000,Diesel,Individual,Manual,3,1461,108.4
Mercedes,2021,65.0,7500,Petrol,Individual,Automatic,1,1991,194.0
Volkswagen,2015,5.5,90000,Diesel,Individual,Manual,1,1498,88.8
Honda,2015,6.7,120000,Diesel,Individual,Manual,1,1498,98.6
Volkswagen,2013,2.8,90000,Diesel,Individual,Manual,3,1199,73.9
Maruti,2018,4.65,30000,Petrol,Individual,Manual,1,998,67.0
Hyundai,2016,4.6,61223,Petrol,Individual,Manual,1,1197,81.0
Honda,2016,6.25,55000,Petrol,Dealer,Manual,1,1497,117.3
Hyundai,2015,5.6,119000,Diesel,Individual,Manual,1,1582,126.2
